,이용횟수
41002045.0,53846
41002044.0,40389
41031040.0,61357
41031121.0,19402
41031013.0,18416
41020001.0,25767
41067109.0,10165
41021002.0,506
41110050.0,355
41036102.0,33222
41031065.0,7495
41027004.0,38067
41036111.0,27797
41324001.0,2246
41031020.0,46958
41367001.0,1212
41067005.0,13166
41027009.0,49515
41061025.0,5375
41425003.0,427
41031024.0,43246
41075011.0,1895
41031004.0,20336
41002046.0,78759
41036110.0,28564
41031141.0,3552
41031046.0,24886
41036115.0,10584
41008170.0,22084
41086002.0,10967
41027008.0,18451
41031108.0,29797
41031009.0,5490
41031110.0,12179
28222001.0,36
41008148.0,19998
41031002.0,6184
41025004.0,33
41003010.0,219
41031019.0,6646
41012112.0,1571
41004020.0,475
41036113.0,21198
41031125.0,11919
41002038.0,16291
41067012.0,27895
41036132.0,18250
41075030.0,867
41251002.0,132
41251001.0,136
41026012.0,1637
41002902.0,2317
11110052.0,147
11110055.0,68
41031132.0,4139
41031030.0,15060
41036042.0,1602
41036006.0,8218
41036123.0,2156
41067024.0,151
41317004.0,1379
41067135.0,9011
41027010.0,2715
41003310.0,314
41036108.0,30401
41007111.0,10
41205007.0,395
41031001.0,4006
41013003.0,711
41036012.0,4461
41213002.0,140
11110046.0,187
41074077.0,25529
41031107.0,4941
11110764.0,43
41036128.0,4817
41036131.0,16341
41074061.0,7530
41086011.0,6595
41003103.0,6291
41036040.0,1852
41031005.0,766
41061022.0,1130
41074080.0,2568
41037102.0,727
41031109.0,11793
41419002.0,1342
41002090.0,18361
11110211.0,27
41074072.0,2488
41003900.0,2108
41006241.0,3746
41031016.0,4149
41358002.0,569
41051106.0,602
41323005.0,2083
11110017.0,325
41036018.0,491
41488001.0,1502
41012101.0,2546
41006405.0,485
41008152.0,11584
41036105.0,6566
41218002.0,104
41002014.0,476
41067010.0,974
41003011.0,1086
41008006.0,3374
41004010.0,1216
41224004.0,491
41008007.0,2719
41008169.0,1251
41036134.0,1070
41030001.0,14
41031048.0,4066
41003006.0,1713
41012104.0,139
41003338.0,9769
41419006.0,329
41075031.0,3652
11110510.0,11
41021030.0,981
41075022.0,389
41438003.0,2
41008151.0,3362
41067131.0,12234
41031018.0,3297
41036039.0,2931
41036026.0,1961
41031003.0,585
41031042.0,2912
41323002.0,2156
41324002.0,3891
41491004.0,1560
28010004.0,8
41026006.0,346
11110652.0,79
41110091.0,105
41086005.0,3452
41031028.0,578
11110085.0,205
41031140.0,4498
41488003.0,314
41012114.0,1086
11110945.0,24
41036116.0,3452
41006407.0,2553
41026009.0,1444
41075017.0,3310
41006261.0,1409
41031007.0,509
41031027.0,531
41007133.0,2976
41026005.0,204
41031052.0,1860
41012113.0,95
41032006.0,136
41075014.0,161
41044003.0,218
41044107.0,1412
41002632.0,2149
41419009.0,1644
41422002.0,111
41419008.0,136
41008154.0,655
41075028.0,275
41036043.0,412
41004025.0,599
41485042.0,220
41428003.0,222
41086009.0,978
41006342.0,1225
41002013.0,599
41203001.0,1840
41003002.0,248
41217001.0,166
41367002.0,417
41262006.0,4
41271001.0,279
41317008.0,1038
41023121.0,107
41236005.0,4
41424005.0,601
11110696.0,19
41031134.0,1831
41086008.0,5504
41381002.0,476
41204004.0,1666
41031072.0,568
41317002.0,2001
41252004.0,9
11110549.0,10
11110011.0,403
41086012.0,1238
41031118.0,2840
41044001.0,1587
11110659.0,135
41075029.0,1782
41006239.0,2405
41036019.0,1529
41036032.0,2725
41419005.0,451
41110088.0,740
41006406.0,47
41061027.0,2451
41039001.0,168
41205010.0,260
41110087.0,211
41427005.0,200
41427003.0,64
41004006.0,532
11110020.0,68
41110130.0,205
41026031.0,246
41110044.0,341
41425012.0,476
41007034.0,1437
41201005.0,2859
41001024.0,229
41110053.0,273
41003009.0,698
41018004.0,296
41004012.0,338
11111000.0,19
11110609.0,14
41006255.0,3017
41423013.0,126
41051104.0,712
41110005.0,133
41252002.0,597
41026007.0,685
41008001.0,228
41008153.0,304
41031105.0,1215
11110693.0,20
41003737.0,1549
41007017.0,328
41039006.0,1702
41067134.0,750
41420004.0,885
41423001.0,217
41031120.0,559
41008173.0,580
41021103.0,190
41036103.0,3465
28314004.0,30
41008167.0,1221
41110043.0,334
28511003.0,12
41383001.0,146
41384001.0,94
41204003.0,758
41018182.0,34
41423008.0,452
11110261.0,78
41003683.0,1907
41425013.0,431
41491002.0,823
41424009.0,70
41219004.0,257
41007005.0,208
41317006.0,131
41068138.0,97
28314002.0,8
41086013.0,1824
41031139.0,740
41002504.0,419
11110507.0,52
41420003.0,444
41204009.0,1663
11110249.0,131
41036120.0,784
41031113.0,961
41003025.0,136
41040030.0,4
41110059.0,63
11110664.0,259
41012107.0,140
41219008.0,149
41012103.0,961
41204007.0,508
41075021.0,236
41363002.0,517
41003904.0,1635
11110014.0,147
11110070.0,66
11110545.0,17
41485040.0,232
41245002.0,187
11110307.0,14
41036044.0,292
41002003.0,664
41075033.0,1641
41427001.0,378
41428005.0,335
41004029.0,55
41036021.0,594
41002909.0,235
41027001.0,3054
11110562.0,186
41201001.0,484
41274001.0,144
41067136.0,51
41021104.0,324
41021018.0,460
41002802.0,485
41488002.0,1842
41204002.0,297
11110968.0,23
41067013.0,431
28206003.0,8
11110340.0,445
11110602.0,60
41086015.0,558
41216003.0,176
41031032.0,307
41319010.0,8
41110205.0,222
41002900.0,713
41026030.0,194
41423012.0,353
11110386.0,36
41037106.0,487
41006281.0,292
41283003.0,134
41040128.0,10
41040017.0,5
41007028.0,101
41021027.0,259
41018116.0,6
41039002.0,186
41026013.0,789
11110980.0,97
41250001.0,616
41021102.0,154
41026032.0,1149
41419001.0,676
11110601.0,43
41338001.0,7
41247001.0,363
41110011.0,53
41110104.0,12
41034123.0,14
41068192.0,6
41086004.0,478
41110093.0,74
41008174.0,629
41021009.0,177
41021106.0,24
41489002.0,61
41012106.0,28
41215001.0,367
41201006.0,358
11111003.0,108
41424001.0,478
41420007.0,268
41008008.0,676
11110419.0,69
41021026.0,598
41202001.0,915
41021029.0,314
41381001.0,220
11110063.0,139
41006343.0,57
11110999.0,44
11110336.0,176
11110018.0,46
41006118.0,6
41317007.0,141
41044117.0,220
11110024.0,52
41002903.0,58
41008002.0,114
41202003.0,303
41045016.0,457
41031126.0,240
41005133.0,32
41021028.0,280
41261001.0,13
41031143.0,1545
41006256.0,316
41086006.0,815
11110729.0,8
41067020.0,107
41110062.0,15
11110022.0,61
41026047.0,144
11410003.0,331
11111158.0,10
41428004.0,520
41019004.0,92
11110706.0,93
41110060.0,43
11110241.0,34
41045008.0,177
41032005.0,6
41007012.0,151
41223003.0,288
41110058.0,177
41036022.0,424
11110049.0,353
41031049.0,364
41215002.0,172
41079005.0,23
41485041.0,345
41419011.0,75
41205003.0,120
41016019.0,16
11110337.0,78
11110430.0,218
41002027.0,173
41220001.0,264
41036112.0,202
11110171.0,93
11110044.0,161
41045004.0,242
41425006.0,64
41006245.0,415
41425004.0,50
41110042.0,156
11110265.0,105
41007002.0,508
11110051.0,251
41021021.0,453
11110212.0,156
41420005.0,172
41061024.0,22
11110536.0,23
41221001.0,446
41056003.0,23
41050004.0,509
41061018.0,170
41285012.0,146
28032054.0,1
41001020.0,14
41283002.0,115
41006190.0,4
41003250.0,1
11110068.0,32
41006063.0,64
41221003.0,143
11110752.0,48
41021007.0,171
41021105.0,120
41425010.0,42
28002003.0,5
41359003.0,707
41425021.0,223
41006310.0,3
41006152.0,12
11110251.0,157
41319023.0,2
41319021.0,1
41274002.0,128
11110250.0,20
11110034.0,64
41222006.0,72
41007124.0,32
11110220.0,186
11110035.0,15
41428002.0,87
41079009.0,9
41002019.0,298
41021016.0,567
11110537.0,102
41204001.0,608
41003276.0,23
41008125.0,20
41304002.0,5
41006160.0,6
41392001.0,204
41332001.0,667
11110754.0,76
41041009.0,6
41037109.0,61
41026045.0,82
11110516.0,6
11110207.0,13
41002908.0,221
11110383.0,50
11110953.0,53
41044004.0,238
41031136.0,95
11110289.0,16
41022121.0,138
41358003.0,256
41036137.0,84
41420006.0,176
41332004.0,112
41016018.0,25
41004003.0,99
41013009.0,147
11110304.0,20
41245001.0,345
41021015.0,167
41012102.0,607
41021036.0,280
41349004.0,3
41005113.0,12
11110258.0,63
41006249.0,10
41323003.0,331
41030004.0,8
11110060.0,54
41017005.0,8
41236004.0,5
11110021.0,183
11110073.0,14
11110514.0,7
41064103.0,18
11110604.0,28
11110651.0,62
41050001.0,571
11110506.0,60
41020002.0,1009
11110113.0,8
41043001.0,42
41019003.0,38
41110047.0,60
41006326.0,362
41110210.0,136
41057026.0,2
41424003.0,159
41006308.0,55
28216001.0,10
11110563.0,46
41425023.0,249
11110050.0,68
11110339.0,151
11110351.0,80
41016029.0,31
41003902.0,41
41007019.0,229
41026036.0,2
41485020.0,25
41030002.0,45
41008171.0,323
41110213.0,327
41420001.0,864
41068201.0,78
41008140.0,10
41110065.0,7
41382003.0,90
41006280.0,81
41002265.0,1
41422001.0,141
41031115.0,472
41040114.0,13
41222005.0,133
41420002.0,350
11110571.0,3
41072002.0,30
41006243.0,133
41222003.0,606
11410011.0,30
11110735.0,264
11110913.0,199
41485015.0,16
41040001.0,4
41363001.0,254
11110356.0,257
41245004.0,41
11410004.0,84
41245003.0,42
41419004.0,139
41026042.0,75
41428001.0,54
41021024.0,375
11110979.0,16
11110551.0,181
41021017.0,145
41285013.0,9
11110410.0,77
41006104.0,12
41074057.0,563
41091001.0,1
41263002.0,9
41045006.0,21
41284001.0,135
11110039.0,339
41003494.0,48
41002006.0,104
41045019.0,130
41329003.0,24
41218001.0,122
11110174.0,16
41005109.0,2
41007003.0,132
41110051.0,58
41201002.0,254
41249001.0,130
41022102.0,45
11110959.0,23
41332003.0,247
41424011.0,86
11110270.0,34
11110873.0,20
41011116.0,22
41252001.0,97
41008161.0,8
41011901.0,13
41008124.0,24
11110019.0,139
41281002.0,13
41224001.0,192
41008141.0,21
41110033.0,138
11110257.0,133
41022112.0,6
41110052.0,201
11110343.0,26
41021107.0,82
11110349.0,29
41031055.0,84
11110692.0,21
11110998.0,35
41067023.0,46
41217002.0,229
11110224.0,187
41110057.0,71
11110993.0,45
41003004.0,25
41007016.0,394
11110058.0,21
41285008.0,28
41062003.0,4
41483012.0,110
41002907.0,337
41283001.0,157
41383002.0,178
41110004.0,213
11110379.0,1
41205008.0,147
41382002.0,112
41110214.0,224
41249002.0,395
11110416.0,17
41425009.0,53
11110622.0,5
41205001.0,259
11110015.0,212
11110016.0,278
41312016.0,4
41110079.0,2
11110522.0,11
11110269.0,105
41045015.0,190
41425026.0,91
41358001.0,563
41065103.0,13
41002420.0,3
11110617.0,17
41021014.0,203
41026028.0,117
41031138.0,119
41026024.0,51
41216002.0,73
41110048.0,38
41285002.0,178
41050900.0,80
41225006.0,94
11110956.0,3
41253001.0,218
41004026.0,83
41003034.0,100
41215003.0,107
11110376.0,42
41002906.0,9
11110360.0,100
11110750.0,35
41485034.0,2
41040005.0,3
41068199.0,1
41045017.0,164
41007131.0,13
41002089.0,5
41086001.0,237
41110211.0,17
41110007.0,50
11110066.0,7
41021022.0,146
11110290.0,56
41022107.0,23
41002293.0,277
41110077.0,3
28002004.0,13
11110529.0,29
41007118.0,59
41008159.0,143
41088013.0,12
11110920.0,98
11110502.0,108
11110005.0,8
41072003.0,16
11110062.0,52
41045002.0,35
41007007.0,200
41013010.0,289
41110003.0,93
28027001.0,14
41110218.0,96
41076013.0,17
41110024.0,2
41110016.0,22
11110976.0,111
41420008.0,50
11110267.0,37
11111168.0,12
11110133.0,18
41007015.0,17
41110040.0,33
41485039.0,53
11110334.0,24
41019010.0,5
41335002.0,14
41067021.0,106
41420010.0,89
11110582.0,15
41005021.0,11
41485006.0,50
41485019.0,35
41110049.0,152
28034001.0,17
41021033.0,106
41252003.0,44
41021008.0,182
11110420.0,37
11410002.0,49
11110802.0,159
41110092.0,97
41013007.0,41
41002800.0,184
41008144.0,8
41067139.0,31
11110504.0,85
28011003.0,15
11110560.0,25
41005127.0,25
11110309.0,48
11110194.0,16
11110679.0,9
41021001.0,200
41223007.0,25
41466001.0,1
11110983.0,39
41225005.0,167
28304004.0,3
11110975.0,112
11110702.0,29
41006262.0,158
41007010.0,11
41285010.0,75
41003015.0,145
11110037.0,44
41004031.0,63
41110013.0,23
41019001.0,78
28231006.0,5
41016044.0,32
28204001.0,7
41421001.0,104
28002001.0,19
41023102.0,3
41343003.0,180
41003030.0,161
41423007.0,25
41004033.0,65
11110613.0,8
41016025.0,35
41006359.0,4
41026040.0,112
41002623.0,35
41019002.0,42
41018029.0,45
41084001.0,7
41091015.0,3
11110881.0,9
28022003.0,11
11110069.0,47
41110008.0,89
41204006.0,231
41021019.0,174
41003014.0,33
11110966.0,33
41002901.0,298
11110805.0,23
11110658.0,11
41008128.0,4
41002905.0,398
41324003.0,225
11110967.0,39
11110663.0,48
41003037.0,4
41341001.0,10
11110641.0,33
11110297.0,34
11110216.0,17
41002210.0,40
41032033.0,17
41015002.0,33
41030009.0,8
41079010.0,38
11110032.0,49
41420011.0,130
41004032.0,26
11110977.0,21
41079008.0,30
41085900.0,21
11111002.0,88
11110555.0,27
41030011.0,132
41076007.0,8
41110102.0,11
41011111.0,49
41002051.0,6
41005014.0,3
41003342.0,57
41007020.0,32
28217002.0,13
11110543.0,22
41006335.0,6
41003017.0,51
11110002.0,24
28011002.0,7
41343002.0,134
11110369.0,5
41006246.0,114
11110288.0,26
11110006.0,22
11110542.0,21
41219001.0,120
41003021.0,42
11110312.0,22
41002007.0,87
41036035.0,92
41023151.0,16
41051110.0,34
41026029.0,34
41018184.0,1
41002296.0,23
41002093.0,128
41007011.0,64
41077013.0,27
41309001.0,7
41007800.0,51
11110208.0,41
28040002.0,8
11110721.0,7
11110173.0,5
41285009.0,34
41310002.0,2
41046016.0,4
41002804.0,25
41037001.0,229
41025001.0,79
41011900.0,6
11110117.0,11
11110155.0,8
41003800.0,8
41056002.0,11
28009001.0,35
11110610.0,36
41002029.0,58
11110394.0,5
41088009.0,1
41425020.0,136
41110113.0,61
11110630.0,1
11110509.0,20
11110009.0,25
41245005.0,159
41045010.0,19
11110306.0,29
41022140.0,16
41343001.0,52
41007115.0,4
41044108.0,6
41420009.0,95
41002370.0,2
11110422.0,22
41003906.0,287
11110259.0,129
11110528.0,12
28333001.0,9
28206002.0,2
41021004.0,118
11110845.0,8
41003503.0,6
28228002.0,3
11110753.0,49
41032039.0,3
41248001.0,102
11110346.0,59
41015001.0,15
11110948.0,8
11110616.0,20
11110353.0,26
41091900.0,15
41283008.0,14
41006064.0,42
41003005.0,130
11110704.0,32
28038004.0,11
41005145.0,20
28309001.0,2
41001013.0,11
41005033.0,11
11110418.0,22
11110535.0,18
11110900.0,3
11110059.0,15
41007027.0,44
28214003.0,2
11110001.0,48
41068130.0,31
41423018.0,119
41262004.0,11
41026004.0,194
11110139.0,12
41003022.0,54
41006248.0,36
11110067.0,46
41003126.0,11
11110331.0,13
11110233.0,51
41274004.0,98
41110206.0,22
41032015.0,4
11110028.0,47
11110740.0,13
41006251.0,66
41006250.0,59
41011135.0,6
11110554.0,14
11110057.0,9
41006037.0,29
41032013.0,5
11110808.0,42
41225001.0,10
41021005.0,35
41007022.0,107
41227001.0,2
41485018.0,20
41016021.0,4
41079002.0,36
11110213.0,43
41352001.0,2
41026037.0,38
41002058.0,23
11110045.0,48
41074085.0,57
41091010.0,8
28228009.0,1
41419007.0,41
41005016.0,5
41045007.0,34
11110038.0,110
41030015.0,20
11110193.0,13
41017009.0,1
41483004.0,45
41022101.0,4
11110392.0,20
11110520.0,5
11111163.0,23
41453008.0,4
28030020.0,7
11110214.0,25
11110279.0,4
11110675.0,7
41006401.0,29
11110276.0,14
11110359.0,16
41030010.0,15
11110175.0,9
41021020.0,165
41110070.0,59
41007122.0,30
41002427.0,4
11110643.0,16
11110587.0,10
11110061.0,10
11110320.0,3
11110327.0,8
11110991.0,20
41395002.0,19
41039010.0,1
41039005.0,27
41030006.0,4
11110564.0,2
41007117.0,9
41424002.0,66
41006263.0,83
11110749.0,55
41003700.0,1
11110125.0,16
28323003.0,2
41327003.0,10
41076019.0,6
41007006.0,88
11110413.0,13
11110897.0,19
41032001.0,47
28005001.0,11
11110553.0,30
11110287.0,59
11110244.0,3
11110321.0,10
41065108.0,20
11110598.0,24
41007112.0,31
41002023.0,56
41110071.0,28
11110048.0,50
11110179.0,31
11110238.0,47
41071007.0,2
11110013.0,39
41453015.0,36
11110003.0,11
11110989.0,4
41002329.0,1
28002005.0,8
41039007.0,21
41030020.0,18
11110546.0,12
41110067.0,6
41039003.0,121
11111166.0,3
41026001.0,136
28317900.0,30
28027004.0,6
41247002.0,4
41094001.0,28
11110350.0,26
11110409.0,11
11110670.0,52
41021038.0,80
11110597.0,14
41004028.0,39
41032010.0,73
11110655.0,42
11110291.0,15
11110302.0,10
11110076.0,20
41003042.0,1
41003363.0,4
11110140.0,7
41007014.0,27
11110166.0,2
41002355.0,2
28043002.0,1
41022139.0,3
41425001.0,128
41062101.0,31
41021010.0,37
41036129.0,9
41030014.0,31
41110106.0,28
41003207.0,10
41003210.0,2
41025003.0,31
41397007.0,138
11110054.0,51
41038130.0,2
41078006.0,4
11110384.0,19
11110072.0,22
11110908.0,26
41485038.0,25
41384002.0,63
41030024.0,14
41030037.0,12
41110061.0,18
11110209.0,28
41005114.0,7
41017102.0,5
11110965.0,27
11110373.0,7
41040003.0,6
11110268.0,15
41421003.0,39
11110942.0,53
28325001.0,20
11110531.0,6
11110743.0,5
41040013.0,1
11110396.0,26
11110144.0,10
11110143.0,5
41003275.0,12
41002801.0,75
11110624.0,4
41011143.0,6
41089001.0,9
41005112.0,22
28010009.0,1
11110521.0,4
41002904.0,6
28323005.0,1
41006123.0,18
41110064.0,70
11110570.0,1
11110548.0,32
11110608.0,21
41485044.0,11
41110215.0,30
11110905.0,21
41059015.0,4
41045014.0,3
41350002.0,3
41018020.0,10
41236002.0,1
41001001.0,3
11110875.0,4
41329004.0,1
41011101.0,6
41005015.0,30
11110932.0,15
41485022.0,16
11110605.0,7
41228001.0,7
41002021.0,107
41425015.0,28
41422005.0,30
11110296.0,11
41030017.0,17
41425008.0,56
11110429.0,3
41110086.0,4
41045005.0,27
41271002.0,6
28011001.0,9
28001001.0,12
41110072.0,50
11110657.0,39
41026010.0,38
11110256.0,64
28022002.0,5
11110550.0,16
28511008.0,4
41425022.0,46
41056004.0,8
41016030.0,12
41063001.0,14
41007135.0,13
28013005.0,8
11110088.0,47
11110262.0,21
41006166.0,4
41394003.0,24
11110557.0,20
41075013.0,76
11110628.0,48
41313002.0,1
11110503.0,20
11110901.0,8
11110012.0,6
41110137.0,79
28013003.0,15
41005035.0,8
41284002.0,49
41110117.0,14
41245007.0,20
11110116.0,7
11110387.0,12
41012105.0,23
41382004.0,3
28343001.0,1
11110540.0,22
41062002.0,15
41008156.0,8
41110216.0,11
41002588.0,1
41003263.0,1
41007026.0,2
41018162.0,2
11110518.0,7
11110924.0,3
41022002.0,30
11110358.0,20
41013005.0,60
41091006.0,1
41021900.0,55
11110962.0,16
11110539.0,24
11110217.0,49
41423006.0,39
41005009.0,3
41489001.0,55
41011120.0,1
41045009.0,39
41002270.0,10
28315033.0,2
11110759.0,17
11110631.0,10
41003033.0,20
41022117.0,21
41319024.0,2
41006409.0,23
11110031.0,74
11110677.0,19
41002294.0,61
41240001.0,2
41002368.0,1
41002132.0,1
41005010.0,9
11110271.0,12
28228001.0,4
11110691.0,10
11110672.0,4
41006187.0,6
41045003.0,29
41071010.0,3
41425007.0,164
41051109.0,4
41009157.0,1
41007103.0,34
41021037.0,51
41022133.0,7
11110569.0,7
41007004.0,8
11110970.0,13
28043001.0,15
28009003.0,15
41061020.0,92
28030014.0,11
41042021.0,4
41040120.0,4
41003278.0,27
41110023.0,13
11110912.0,11
11110892.0,8
28041001.0,13
41485033.0,7
11110501.0,18
11110915.0,3
41051107.0,68
11110071.0,10
11110282.0,8
41067110.0,38
41025002.0,18
11110606.0,7
11110612.0,5
11110596.0,14
41044119.0,10
41454002.0,1
41026043.0,28
28038003.0,8
41032021.0,3
41008131.0,5
41003101.0,5
11110744.0,5
41004001.0,54
41006260.0,15
41017003.0,22
11110861.0,4
41005126.0,15
41008133.0,4
41110001.0,8
41003283.0,43
11110588.0,5
11110595.0,8
41319030.0,4
41485017.0,5
41091008.0,14
11110010.0,11
41008146.0,12
41075018.0,51
41022110.0,9
11110757.0,3
41068187.0,20
41002627.0,17
41423016.0,12
11110872.0,24
41485023.0,3
41002025.0,2
28228010.0,6
41003312.0,107
41005137.0,3
11110957.0,2
41021039.0,10
41282001.0,21
41325004.0,1
41005131.0,12
41008103.0,8
41091013.0,6
41110006.0,21
28004002.0,17
41262005.0,2
11110142.0,5
41293004.0,3
41425002.0,72
41236003.0,4
41041001.0,14
11110703.0,5
28210001.0,7
11110065.0,22
41005001.0,2
28216003.0,7
28326002.0,5
41003023.0,23
41006276.0,33
41022136.0,15
41076003.0,9
28026006.0,5
28022011.0,3
41284007.0,11
11110738.0,4
11110682.0,2
41072006.0,5
11110053.0,21
11110513.0,6
41022141.0,10
41427002.0,15
11110755.0,7
41110116.0,6
28210002.0,2
41023107.0,2
41006356.0,37
41022137.0,5
11110095.0,7
41063004.0,25
41004005.0,16
41483016.0,28
11110538.0,24
11110424.0,2
28511009.0,5
41003717.0,11
11110375.0,8
41007108.0,2
41331003.0,1
11110758.0,9
11110556.0,18
11110074.0,6
28022004.0,3
41011005.0,9
41068183.0,20
11110762.0,4
41002005.0,6
11110408.0,48
41091007.0,5
28510008.0,2
11110527.0,2
11110335.0,11
11110669.0,15
11110800.0,19
11110260.0,19
41012108.0,30
41352003.0,1
28311001.0,1
41003262.0,3
11110151.0,3
28228007.0,1
41007136.0,18
41422006.0,41
41003496.0,28
41024027.0,16
41056001.0,13
41076011.0,4
11110668.0,7
11110590.0,50
28039002.0,6
41023101.0,4
41023117.0,1
41294002.0,5
41091004.0,5
11110381.0,36
41439010.0,3
41032034.0,29
28216004.0,1
41319009.0,5
41072004.0,7
11110804.0,14
11110591.0,14
11110710.0,37
11110285.0,6
41003157.0,1
11110295.0,3
41008110.0,3
41006404.0,4
41030021.0,4
11110541.0,15
28039001.0,2
11110907.0,15
11110137.0,3
28214004.0,3
41427004.0,17
11110695.0,1
41461002.0,4
41007106.0,7
11110656.0,24
11110266.0,28
41009163.0,1
41235001.0,3
41006278.0,4
41006102.0,8
41011147.0,4
41088010.0,16
11111160.0,5
11110726.0,15
11410001.0,14
41016027.0,13
28314005.0,6
28343003.0,12
41335001.0,16
41282009.0,59
41110147.0,7
41072007.0,6
41002211.0,41
11110370.0,5
11110056.0,16
41327001.0,16
41008112.0,1
11110354.0,13
41424010.0,34
11110517.0,9
41110152.0,6
11110607.0,15
41032008.0,9
41002263.0,8
28231007.0,6
41006158.0,2
41035103.0,2
41026016.0,15
28309003.0,1
41006408.0,41
41076017.0,4
41304707.0,1
41018019.0,1
41030029.0,8
41006189.0,6
28005004.0,4
41011010.0,6
41032031.0,1
11110310.0,7
41045011.0,28
28001002.0,25
28004001.0,5
11111159.0,13
41326003.0,3
41319035.0,1
41018173.0,4
11110620.0,4
11110681.0,10
41022142.0,3
41007009.0,3
41002197.0,10
11110377.0,2
11110803.0,19
11110618.0,8
41262001.0,7
11110202.0,18
41319002.0,6
11110990.0,16
41019006.0,51
41091003.0,5
41072001.0,8
11110746.0,22
11110027.0,12
28511012.0,6
28001007.0,15
41003724.0,26
11110324.0,4
41003264.0,1
41022113.0,1
41382005.0,25
41215006.0,38
28217001.0,1
41022106.0,3
41003722.0,18
11110236.0,63
41483005.0,2
28012001.0,7
41224002.0,6
41003716.0,1
41439011.0,2
41032016.0,8
41006353.0,4
28511006.0,10
28231005.0,3
41221004.0,91
41426001.0,8
11110889.0,2
11110860.0,7
11110646.0,1
41422003.0,7
41032007.0,7
41293001.0,1
41110200.0,13
41026014.0,12
11110760.0,1
41022127.0,1
11110727.0,16
41002049.0,6
41059016.0,1
41040007.0,2
41007137.0,88
41068137.0,1
41328006.0,4
41313003.0,3
41002480.0,2
28206001.0,2
41007024.0,16
41036142.0,9
41030003.0,6
41014103.0,1
11110242.0,11
11110115.0,5
11110078.0,4
41085901.0,7
41419010.0,22
41425014.0,33
11110330.0,4
11110988.0,1
28003001.0,5
11110515.0,1
41068184.0,4
41308701.0,1
11110145.0,1
11110719.0,34
41219006.0,27
11110615.0,10
41007132.0,34
41352007.0,1
11110364.0,4
41006205.0,4
41006354.0,3
11110030.0,11
41006339.0,9
41091005.0,2
28023001.0,5
41094002.0,11
41042111.0,1
11110372.0,1
41438001.0,1
41068204.0,12
41110002.0,13
41039012.0,24
41034118.0,3
41011136.0,3
41008101.0,5
41034124.0,1
11110711.0,6
41057008.0,2
41009147.0,2
11110960.0,15
41352009.0,6
41339002.0,7
41065104.0,11
11110961.0,7
41284006.0,40
28038007.0,5
41022108.0,11
41295708.0,2
28216002.0,7
11110178.0,15
11110077.0,6
41005103.0,2
41006349.0,3
41030019.0,6
11110568.0,5
41087001.0,9
28050900.0,10
11110552.0,2
41007123.0,3
28214005.0,4
41299705.0,2
41327002.0,4
41253002.0,22
41015003.0,11
41022122.0,8
28022006.0,3
41062102.0,1
41068185.0,1
41017110.0,2
41040004.0,3
41007114.0,13
41088012.0,9
41022111.0,4
41340001.0,6
41110054.0,11
41002167.0,8
11110902.0,6
11110807.0,6
41034011.0,4
11110329.0,5
41282003.0,36
41466004.0,1
41005012.0,1
41006344.0,54
41002042.0,2
41024007.0,4
41084002.0,1
41306703.0,1
41032009.0,4
41057028.0,5
28206004.0,1
28012002.0,9
41005027.0,9
41059026.0,2
41007025.0,4
41068180.0,1
41079001.0,8
11110530.0,5
28335003.0,4
41319003.0,2
11110716.0,3
41038127.0,2
41002069.0,5
41016001.0,11
28229002.0,1
11110586.0,7
41005125.0,6
41079003.0,21
41216004.0,25
41221005.0,29
41002123.0,3
28001003.0,4
41447005.0,1
41063005.0,2
41003192.0,3
11110158.0,15
41485031.0,4
41299706.0,1
41347006.0,1
11110712.0,4
11110642.0,5
41002501.0,1
28027002.0,6
41222004.0,236
41002589.0,1
41036133.0,251
41036136.0,87
28321001.0,4
11110978.0,3
41031056.0,348
28319004.0,1
41086014.0,119
41024014.0,1
41223008.0,243
41489008.0,61
28023002.0,7
41037113.0,432
11110747.0,16
11110756.0,12
41223005.0,350
41036140.0,289
41036135.0,96
41483019.0,23
41022128.0,4
11110196.0,16
41421004.0,56
41063003.0,4
41491005.0,157
41011112.0,3
41026021.0,10
41425028.0,15
41436002.0,1
41008126.0,4
41425029.0,9
11110433.0,2
11110997.0,7
41483010.0,30
41324004.0,109
11110671.0,15
41036141.0,51
41489007.0,33
41285005.0,26
41453009.0,7
41323001.0,149
41453007.0,19
28010010.0,5
41219007.0,34
41076014.0,3
41491001.0,6
41332005.0,12
41026039.0,29
41223004.0,234
41401003.0,3
41073005.0,4
41425016.0,1
41023150.0,5
41453013.0,4
41006202.0,5
11110660.0,24
41262002.0,5
11110172.0,8
41282011.0,17
11110644.0,4
41323004.0,66
41221002.0,17
41485016.0,7
28511014.0,2
41003277.0,2
41002397.0,1
11110603.0,1
11110806.0,9
11110374.0,9
41282007.0,3
11111001.0,5
28310002.0,1
41394002.0,14
41008102.0,5
41442008.0,2
41013013.0,14
28302003.0,1
41298003.0,2
41423020.0,6
41032028.0,13
41007105.0,30
41394004.0,7
41219002.0,40
11110007.0,5
28204002.0,4
41282004.0,4
28231003.0,2
11110621.0,3
11110874.0,4
28315015.0,1
41324005.0,24
41483018.0,30
41223006.0,81
41004030.0,12
41359001.0,104
41018149.0,2
41425017.0,5
41453005.0,19
41491003.0,26
11110676.0,6
28326004.0,1
41040009.0,7
41453014.0,12
41086010.0,3
41022118.0,10
41003660.0,2
28219001.0,8
11110099.0,4
41427006.0,23
28324001.0,4
11110723.0,11
41008115.0,2
11110678.0,3
41401002.0,17
41075034.0,11
41002030.0,2
41002053.0,4
41007032.0,6
41006240.0,7
11110673.0,6
41006177.0,3
41075035.0,14
41002102.0,16
41453010.0,15
41215005.0,17
28013002.0,5
28247001.0,10
11110389.0,1
41034001.0,2
28216006.0,5
41026015.0,12
41050006.0,3
41003008.0,2
41483007.0,12
41032027.0,24
11110801.0,5
28020001.0,5
41074083.0,72
41088001.0,1
41030033.0,15
41003239.0,4
41299704.0,2
41483003.0,8
41036124.0,13
41427007.0,8
41483015.0,4
41283004.0,6
41016045.0,2
41422007.0,3
41382001.0,16
11110632.0,3
41002371.0,2
41235002.0,1
41002417.0,1
41003708.0,1
11110667.0,1
41022132.0,3
41348003.0,1
41077016.0,2
28214006.0,4
11110619.0,5
41281001.0,12
41425027.0,9
41485047.0,5
41022138.0,3
11110188.0,12
41065107.0,7
11110547.0,12
41068143.0,1
41283011.0,9
41319027.0,2
11110879.0,6
41044120.0,4
41071011.0,5
11110910.0,3
41018001.0,3
41319004.0,1
41352010.0,4
41076900.0,7
41422008.0,13
41282010.0,40
41017109.0,2
41453012.0,10
11110084.0,4
41091016.0,3
41284005.0,21
41453016.0,9
41002640.0,1
41346001.0,1
41485021.0,7
41005138.0,1
41032026.0,10
11110323.0,3
41032023.0,5
41023152.0,2
41003433.0,1
41011129.0,5
41008137.0,18
11110717.0,8
41030012.0,5
41110153.0,1
41347005.0,2
41040011.0,5
41485025.0,7
41003026.0,7
28041002.0,3
41424006.0,9
11110574.0,3
11110380.0,3
41453002.0,7
41033102.0,1
11110583.0,7
41285004.0,7
41071001.0,2
28217003.0,7
41424008.0,11
41032024.0,4
11110367.0,2
41319006.0,5
28344001.0,2
41335006.0,9
28511002.0,2
41030016.0,11
41006107.0,3
41424007.0,3
41004018.0,5
41002364.0,1
28315034.0,2
41352008.0,1
41421002.0,12
28345900.0,1
41016900.0,3
41006211.0,6
41491007.0,24
41483006.0,19
41318001.0,14
41091011.0,4
28042003.0,3
11110922.0,2
11110724.0,3
11110611.0,8
41007119.0,5
41076008.0,3
41003215.0,2
41003668.0,1
41044125.0,2
41018005.0,2
41018105.0,1
41008119.0,2
11110614.0,1
41285001.0,10
41003208.0,1
41485024.0,3
28511015.0,1
28330001.0,1
41319025.0,2
41461005.0,1
41110150.0,1
28313001.0,1
41057017.0,2
11110687.0,4
41044106.0,3
28326001.0,4
41350003.0,1
41032029.0,10
41018171.0,1
41017011.0,2
41057015.0,2
41002316.0,2
41002202.0,1
41045013.0,4
41002328.0,1
11110600.0,7
11110645.0,1
41262003.0,4
11110169.0,11
41441001.0,2
28038008.0,4
41299002.0,10
41436004.0,4
41245006.0,3
11110633.0,1
28343005.0,1
41002126.0,1
41002630.0,1
28224001.0,4
41438006.0,1
41057016.0,3
41041114.0,1
41485045.0,4
11110662.0,6
28008001.0,2
41485043.0,13
41002028.0,6
41019012.0,1
41003436.0,1
41022123.0,1
41005013.0,5
41339001.0,3
41014117.0,3
41410001.0,1
11110599.0,6
41005169.0,1
41006181.0,3
41003626.0,1
28003002.0,3
41009135.0,1
41078004.0,6
41023103.0,1
11110366.0,1
41006161.0,3
41038165.0,1
11110722.0,7
11110623.0,1
41005124.0,5
41395001.0,6
28313002.0,2
28034003.0,1
11110798.0,5
41005004.0,2
28231009.0,4
11110709.0,4
41263003.0,3
28223001.0,6
41022124.0,3
11110855.0,1
41016042.0,8
41068190.0,3
41485035.0,3
41439012.0,1
41003252.0,1
41007121.0,3
41071004.0,1
28045001.0,3
41044109.0,8
11110856.0,2
41074082.0,11
11110096.0,4
41002338.0,2
41002004.0,1
11110698.0,5
41110078.0,5
41003440.0,5
11111171.0,7
41002405.0,1
41024010.0,1
41483014.0,6
41374002.0,4
11110903.0,3
41032025.0,3
41005134.0,2
28222002.0,4
41491010.0,6
11110163.0,5
11110378.0,1
41068186.0,1
41285007.0,3
41271003.0,2
41088008.0,1
41374001.0,1
28008003.0,3
41003118.0,8
41017103.0,3
41072005.0,2
41017106.0,2
11110736.0,7
41319033.0,2
41009037.0,1
41004017.0,2
28034002.0,8
11110393.0,3
41110027.0,4
41327005.0,2
41467011.0,1
41341002.0,1
11110308.0,7
41011144.0,1
41032022.0,5
41293005.0,1
41003216.0,1
11110363.0,1
28228006.0,4
41423015.0,4
41453003.0,4
41039009.0,3
28206006.0,2
28037004.0,2
41039011.0,1
11110315.0,1
41002449.0,1
11110097.0,5
41068134.0,2
41440001.0,1
41002268.0,3
11110694.0,2
11110713.0,1
41006347.0,5
41088002.0,1
41423017.0,3
41283013.0,2
11110982.0,2
41006145.0,5
41002227.0,1
41007127.0,3
28224002.0,1
41001029.0,1
41032018.0,1
41374003.0,2
41007029.0,3
41037114.0,3
28027003.0,6
41319016.0,1
41006103.0,1
41026033.0,1
28228011.0,3
41034115.0,2
41022109.0,4
41351001.0,2
41283010.0,3
41018174.0,3
41313001.0,1
41349001.0,1
41310001.0,3
41006282.0,1
41002311.0,3
41022135.0,2
41003344.0,1
41338005.0,1
28310003.0,1
41491009.0,51
28511013.0,1
41491006.0,11
11110626.0,1
41352002.0,2
41005011.0,3
41022120.0,3
11111169.0,3
11110348.0,1
41319042.0,1
41204008.0,29
41044110.0,2
41002520.0,1
41285011.0,13
41319011.0,1
11110390.0,3
41281003.0,8
28229005.0,2
41007018.0,1
41008105.0,3
41008117.0,6
41003260.0,1
41319022.0,1
41319020.0,2
41068123.0,4
41032038.0,3
41017101.0,2
41016024.0,2
41003265.0,2
11110575.0,1
28210003.0,4
41017001.0,1
41319034.0,1
11110697.0,3
41018144.0,1
28510004.0,2
41247003.0,3
41002334.0,1
11110579.0,2
41044114.0,2
28008004.0,2
41022134.0,1
11110198.0,2
41044124.0,2
11110891.0,2
41002315.0,1
41002352.0,1
41044112.0,1
41283009.0,1
41006333.0,1
41003584.0,1
11110629.0,3
41038115.0,2
41483017.0,1
41008142.0,2
41110041.0,3
41319036.0,1
41068128.0,1
41068191.0,1
28002002.0,2
41074084.0,18
11110964.0,1
41006328.0,2
11110147.0,2
41038129.0,2
41003631.0,1
11110365.0,1
41003255.0,1
41328003.0,1
11110899.0,1
41436007.0,1
41437010.0,1
28007005.0,2
41299708.0,1
41018010.0,1
41283012.0,1
41011134.0,2
41005165.0,1
41038214.0,1
11110585.0,1
41006148.0,3
41006274.0,1
41038212.0,1
41003043.0,1
11110500.0,1
41306701.0,1
11110512.0,4
11110167.0,2
41003669.0,2
11110984.0,1
41014116.0,1
41227003.0,3
41319007.0,3
41007109.0,2
41483009.0,2
41483001.0,1
41002099.0,1
28231010.0,3
11110739.0,1
41007107.0,3
28037008.0,2
28322001.0,1
41057009.0,1
41008145.0,1
41044115.0,1
41009043.0,1
28228003.0,1
11110890.0,1
11110401.0,3
41068132.0,1
41325002.0,1
41002612.0,1
41071008.0,1
41044103.0,1
41078008.0,2
41003254.0,2
41079013.0,1
41032014.0,2
41008134.0,1
41295707.0,1
41002631.0,1
41401001.0,1
41003509.0,1
41002319.0,2
41422004.0,1
41461011.0,1
41003688.0,1
28324002.0,1
41446020.0,1
41003636.0,1
11110637.0,1
41003012.0,1
41022104.0,1
41008118.0,1
41009160.0,1
41014120.0,1
41319012.0,1
41347002.0,1
41233001.0,1
41006288.0,1
41003499.0,1
41326001.0,1
41283005.0,1
41348001.0,1
41062106.0,1
28022008.0,1
28208001.0,2
11110917.0,1
41319031.0,2
28206009.0,1
41018030.0,1
11110930.0,1
41319013.0,1
41002402.0,1
11110666.0,1
41011104.0,1
41003583.0,1
41304006.0,1
41002164.0,1
41002207.0,1
