,20180704이용횟수
4120454.0,91
4176772.0,9
4111839.0,244
4116981.0,131
1711.0,483
9176915.0,8
1729.0,63
4160272.0,252
4151640.0,130
4150195.0,27
4170973.0,339
4100048.0,824
4170570.0,171
4130403.0,187
4100559.0,29
4100561.0,41
4116875.0,319
4108109.0,378
4108158.0,61
4122215.0,1531
4123266.0,18
1706.0,191
4100049.0,601
4197261.0,176
4170664.0,61
4108038.0,122
4199435.0,227
4199654.0,66
4100055.0,8
1716.0,827
4120058.0,2
4170095.0,48
4102826.0,288
4170103.0,178
4107928.0,969
4199630.0,74
4117183.0,772
4102828.0,129
4100464.0,48
4179350.0,108
4116898.0,96
4108229.0,174
4108110.0,278
4122214.0,1942
1709.0,71
4116836.0,418
4114205.0,86
4151750.0,330
4100123.0,24
4197593.0,110
4130120.0,120
4114450.0,32
4116897.0,477
4108065.0,236
4117038.0,63
4108051.0,241
4108098.0,44
4108044.0,1419
4108039.0,320
4111745.0,45
4102943.0,13
4102829.0,313
4100650.0,186
4100443.0,34
4108012.0,68
4160359.0,64
4170112.0,217
4108221.0,107
4170981.0,19
4123753.0,13
4197590.0,95
4117318.0,127
4116686.0,51
4116956.0,141
4170093.0,1562
4116860.0,31
4108041.0,665
4116962.0,89
4116973.0,37
4108070.0,211
4170818.0,50
4116757.0,92
4107934.0,224
4105289.0,2
4105309.0,8
4105378.0,43
4151651.0,744
4151722.0,6
4117068.0,69
1846.0,491
4108146.0,70
4103593.0,241
4115056.0,23
4150162.0,185
1713.0,2193
4114363.0,137
4111742.0,85
4111735.0,121
4130083.0,69
222.0,197
4108200.0,51
4108018.0,116
4170271.0,394
4117010.0,56
4117274.0,27
4114207.0,47
4105382.0,118
4100126.0,379
4100129.0,224
4116982.0,238
4199624.0,126
4108139.0,53
4108043.0,254
4116943.0,165
4116693.0,76
4114449.0,170
4108053.0,290
4160308.0,203
4114212.0,18
4317.0,125
1872.0,140
4100158.0,100
4130090.0,10
4120457.0,41
4130062.0,24
4106798.0,636
4122174.0,281
4198952.0,62
9101382.0,2
1705.0,43
4160293.0,358
4109291.0,16
4122332.0,124
4170104.0,81
4111874.0,50
4197467.0,351
4111890.0,39
4111858.0,14
4117048.0,72
4150159.0,77
1751.0,38
4116792.0,77
4108183.0,655
4107940.0,529
4116734.0,21
4195710.0,9
4108062.0,205
4170653.0,39
4100016.0,174
4100022.0,387
4117233.0,101
4195709.0,5
4107942.0,220
4108096.0,80
4116758.0,48
4116851.0,124
4116879.0,193
4151663.0,88
4116858.0,68
4170867.0,33
4160282.0,53
4108071.0,617
4197607.0,57
4121008.0,243
1715.0,192
4195605.0,41
4100073.0,90
1708.0,132
4113629.0,6
4116910.0,148
4116729.0,42
4100101.0,105
4100083.0,160
4116954.0,32
1722.0,37
4116760.0,652
4108188.0,242
4108175.0,97
4116620.0,5
4116971.0,52
1456.0,68
4116922.0,464
4108172.0,116
4100076.0,92
4103726.0,9
4100057.0,86
4130058.0,145
4111628.0,40
4150145.0,58
4111627.0,70
4121777.0,12
4125.0,94
4120450.0,57
4199835.0,130
4195534.0,16
4197605.0,24
4100161.0,27
4110266.0,24
4170971.0,23
4195716.0,209
4199603.0,69
1869.0,1221
4195496.0,143
4199766.0,8
4103756.0,7
4100127.0,362
4100067.0,48
1457.0,249
8501625.0,5
1806.0,16
4130131.0,306
4116882.0,651
4197469.0,20
4108034.0,318
4103623.0,45
4108187.0,103
4114238.0,65
4123693.0,65
4119318.0,34
4108113.0,153
1712.0,275
4130117.0,52
4100104.0,48
4108106.0,372
4111748.0,68
4110130.0,341
4150166.0,45
4121775.0,119
4108026.0,72
4113599.0,326
4197554.0,166
4108036.0,394
71344.0,6
10574.0,1
4102827.0,131
4117030.0,209
4117032.0,185
4116953.0,28
4107929.0,303
4119331.0,110
4100051.0,567
4102820.0,662
1868.0,299
4116900.0,503
4160270.0,134
4179149.0,62
1855.0,197
4111751.0,48
4111822.0,53
1805.0,15
4100064.0,48
4100448.0,28
4150165.0,52
4111841.0,75
4316.0,302
212.0,14
4150144.0,155
4179327.0,84
4116657.0,62
4108016.0,20
4170100.0,317
4196917.0,7
4130116.0,121
1871.0,365
4107936.0,147
1719.0,394
4108092.0,165
9105313.0,18
4116906.0,209
4105313.0,2
4170404.0,10
4107930.0,231
4116787.0,118
4100082.0,26
4108121.0,87
4179347.0,45
4100565.0,63
4117057.0,81
4116895.0,455
4116806.0,120
4116995.0,13
4116353.0,71
4116853.0,316
4116845.0,46
4104800.0,1
1280.0,1
426.0,15
4100531.0,2
4108103.0,116
4116759.0,276
4116868.0,76
4117265.0,67
4108179.0,15
2732.0,6
4199620.0,36
4197591.0,85
4116754.0,225
4170101.0,260
4176934.0,19
4116682.0,120
4179355.0,21
4160269.0,44
4108231.0,142
8000420.0,6
4117322.0,253
4170264.0,46
232.0,83
4117326.0,25
4108069.0,457
4116902.0,65
4170102.0,372
4108079.0,124
4120977.0,2
4116789.0,61
4100061.0,74
4121431.0,25
4110270.0,196
4100088.0,18
4170921.0,52
4117400.0,1
4130445.0,70
4120442.0,30
4102102.0,1
4108218.0,250
4108170.0,30
4176945.0,10
4130522.0,5
4100164.0,37
4102825.0,173
4108164.0,413
4111685.0,11
4170429.0,60
4130405.0,106
4130419.0,233
4170353.0,36
4117055.0,57
4198880.0,7
4195697.0,28
4114919.0,24
4105372.0,31
4105310.0,4
4122164.0,7
4111866.0,12
4100277.0,1
4109531.0,54
4116920.0,63
4318.0,102
4116834.0,79
4116992.0,18
4195704.0,12
4170943.0,156
4116873.0,216
4179369.0,5
4102903.0,2
4102894.0,109
4108080.0,56
4118511.0,11
4108141.0,97
4100145.0,78
4179319.0,136
4150189.0,7
4116874.0,99
4116808.0,115
4116889.0,17
4160338.0,17
4100050.0,119
4100077.0,87
4100018.0,139
4116790.0,27
4116671.0,397
4119379.0,324
4197690.0,82
4170107.0,233
4116966.0,38
4108035.0,234
4170507.0,157
4108216.0,177
4150173.0,22
4116689.0,50
76285.0,1
4108017.0,44
4117231.0,200
4116517.0,47
4108040.0,176
4199455.0,280
4108046.0,150
4117253.0,176
4179390.0,20
4307.0,101
4116867.0,117
4116883.0,508
4101531.0,11
4116753.0,90
4117221.0,28
4108220.0,163
4116395.0,77
4107668.0,169
4108054.0,240
4160326.0,12
4199775.0,20
4196993.0,174
4100116.0,271
4100138.0,160
4116788.0,251
4130121.0,214
4170625.0,59
4100140.0,206
2535.0,2
4100106.0,51
4108101.0,60
4179386.0,69
4108088.0,78
4117287.0,164
4179373.0,12
4117286.0,38
4117285.0,79
4170099.0,233
4176331.0,15
4116852.0,142
4199632.0,43
4103640.0,26
4100135.0,28
4100558.0,42
4121010.0,44
4199150.0,3
4110155.0,7
4100577.0,146
4111813.0,39
4135070.0,65
4179316.0,26
4195715.0,16
4107957.0,2
4114202.0,49
4111633.0,5
4108130.0,507
216.0,45
4170841.0,83
4116678.0,173
4117315.0,63
1859.0,105
4122163.0,1
4150182.0,17
4160306.0,87
4108089.0,32
4170108.0,15
9007108.0,1
4198442.0,26
4130227.0,2
4179371.0,370
4170106.0,189
4170481.0,108
4197588.0,42
202.0,35
4135037.0,148
4314.0,100
4170343.0,57
4114471.0,10
4108212.0,60
239.0,57
4199066.0,24
4102831.0,360
4120048.0,32
4108052.0,242
4199692.0,64
4116899.0,409
4110034.0,3
1853.0,75
4108049.0,148
4100085.0,29
4100120.0,49
1870.0,133
4199074.0,63
1865.0,119
4160249.0,76
4112024.0,188
4103765.0,2
1455.0,57
4116872.0,106
4108037.0,169
4108538.0,15
4111851.0,106
4135024.0,78
2743.0,4
4108007.0,59
4121329.0,10
4111845.0,85
4117275.0,4
4117292.0,26
4100147.0,110
4176943.0,61
4197438.0,50
4122786.0,9
2643.0,1
4170995.0,84
4116963.0,100
4160364.0,65
4100113.0,124
1848.0,18
4160346.0,30
4108222.0,186
4179257.0,2
4116863.0,69
4107948.0,127
4170525.0,31
215.0,8
4117070.0,122
4100006.0,66
4116674.0,182
4116819.0,60
4170110.0,49
4150161.0,45
4111634.0,19
4116965.0,137
4117366.0,12
4117379.0,19
4130544.0,37
4108151.0,17
4103571.0,35
4108150.0,74
4119428.0,54
4101533.0,49
4116876.0,170
1867.0,300
4114846.0,17
4195705.0,65
4178351.0,21
4130491.0,9
4176819.0,35
4111888.0,24
4108138.0,73
4103492.0,34
4103568.0,4
4199596.0,18
4199826.0,9
4150357.0,1
4103494.0,25
4130507.0,66
4107077.0,6
4170332.0,8
4113736.0,23
10711.0,5
9011152.0,1
4151631.0,80
4108100.0,109
4130354.0,76
4116894.0,78
4121998.0,41
4100153.0,61
4198644.0,159
4116947.0,75
4103704.0,2
4103491.0,14
4116814.0,50
4117252.0,124
4107935.0,537
4116801.0,54
4120001.0,43
4199311.0,26
4100606.0,36
4197662.0,38
4312.0,21
4121766.0,83
4170474.0,28
4130064.0,48
8009290.0,127
4107937.0,306
4179321.0,83
4170255.0,53
4100444.0,60
4108145.0,120
4176348.0,75
4107943.0,107
4108031.0,162
4160253.0,32
4102889.0,4
4130397.0,43
4117064.0,24
4100052.0,185
4117278.0,53
4117256.0,65
4107949.0,25
4116887.0,43
4117031.0,86
4130160.0,24
4108178.0,95
4116800.0,58
4115607.0,2
4111645.0,17
1030.0,24
4100501.0,1
4110191.0,11
4130487.0,20
1718.0,63
4110417.0,15
4110401.0,2
1724.0,136
4116945.0,52
4117224.0,5
4110078.0,133
4110254.0,97
4100130.0,63
4198679.0,10
4113290.0,262
4130406.0,151
1717.0,263
4170976.0,85
1749.0,51
4119032.0,11
4150147.0,46
4108045.0,157
74804.0,1
414.0,4
4115595.0,18
4116755.0,124
4100023.0,134
4100144.0,171
4176776.0,28
4116807.0,59
7101696.0,105
4108165.0,244
4116713.0,150
4108173.0,221
4117185.0,3
4197464.0,205
228.0,28
4117.0,21
4116660.0,61
4170096.0,369
4108111.0,124
4111660.0,38
4160291.0,70
4111744.0,296
4100131.0,103
4116835.0,101
4506.0,19
4117321.0,184
4170731.0,43
9006332.0,13
4108047.0,36
4130084.0,32
4151723.0,33
4117190.0,27
4116837.0,199
4116960.0,59
4150418.0,1
4108205.0,16
4108215.0,59
4197470.0,55
2528.0,8
4100013.0,155
4195599.0,73
4103484.0,29
4176080.0,12
1862.0,180
9498.0,1
230.0,13
4116576.0,1
1760.0,2
4101988.0,65
4105308.0,1
4119365.0,17
4117386.0,17
4118338.0,38
4116985.0,58
4160314.0,25
4105248.0,20
4197465.0,127
4101528.0,73
4308.0,41
4108022.0,52
4179385.0,20
4117381.0,17
4116692.0,115
4170531.0,13
9013927.0,3
4101536.0,21
4100535.0,24
4130123.0,213
4170378.0,22
4117182.0,102
4179339.0,40
4100609.0,62
4116877.0,231
4100042.0,207
4108156.0,37
4117051.0,198
4160313.0,21
4130132.0,20
4170966.0,44
4108086.0,57
4108174.0,67
4100095.0,58
2820.0,13
4117179.0,20
4116888.0,104
4117008.0,10
4151726.0,17
4120449.0,80
4116791.0,56
4197463.0,179
4505.0,24
4117254.0,96
4170407.0,65
4116691.0,96
4199933.0,45
15370.0,1
2754.0,3
4170520.0,7
4100084.0,114
4111667.0,12
4116991.0,81
4160360.0,34
4315.0,92
1454.0,30
4115019.0,4
4100527.0,80
4108155.0,14
4151567.0,51
4108214.0,55
4170272.0,36
4108023.0,21
4170105.0,70
4170118.0,8
4119029.0,19
4116712.0,22
4105375.0,26
4130506.0,90
4170243.0,239
4116904.0,2
4108140.0,28
4116979.0,74
4113.0,6
4116701.0,182
4121996.0,61
1701.0,47
4108134.0,147
2522.0,6
4116944.0,17
4151704.0,189
4116700.0,44
1720.0,24
4160380.0,87
9100146.0,9
9034649.0,9
4179334.0,161
4117063.0,4
4117187.0,2
4179356.0,40
4170109.0,39
4111848.0,192
4100030.0,94
4130401.0,88
4100028.0,143
4108196.0,85
2748.0,90
4151547.0,28
4116907.0,78
1854.0,100
4108169.0,77
4107933.0,115
8001780.0,18
4113324.0,20
4170113.0,387
4119439.0,3
4160283.0,20
4100068.0,52
4100060.0,45
1761.0,13
4100125.0,16
4170421.0,16
4117289.0,38
4160222.0,17
4108143.0,88
4110102.0,7
4100611.0,37
4117421.0,5
4117052.0,103
4116980.0,58
9002661.0,1
4151634.0,36
4102893.0,6
4170463.0,1
4130128.0,57
8003138.0,33
71098.0,4
433.0,88
4176354.0,2
4150260.0,24
4150250.0,37
4111911.0,27
4160348.0,3
4170942.0,125
4114079.0,3
4116663.0,16
4150259.0,24
4110131.0,203
4195699.0,34
4100080.0,21
4114239.0,110
4100043.0,54
4108095.0,48
4116948.0,85
4100146.0,133
4116676.0,45
4151559.0,24
4116797.0,44
4116711.0,48
4195615.0,30
1704.0,89
4197601.0,4
9002596.0,2
218.0,9
4111842.0,87
4160281.0,97
4123727.0,1
4111624.0,21
4117330.0,34
4195700.0,61
4109608.0,96
4100155.0,69
4130404.0,130
4150136.0,41
4111741.0,67
4160337.0,39
2644.0,2
4116893.0,107
9176942.0,9
4117367.0,80
4108093.0,181
4179378.0,79
4160341.0,29
4111734.0,15
2824.0,38
312.0,6
4103279.0,237
4117049.0,50
4116859.0,92
4150419.0,2
4108168.0,87
4116909.0,52
4170974.0,169
4108191.0,19
4103592.0,9
4178947.0,9
4116998.0,53
4198877.0,174
4114462.0,51
4117056.0,108
4108128.0,80
4115006.0,3
4100529.0,55
4117271.0,15
8004290.0,16
1702.0,100
4150344.0,63
4111817.0,29
4116890.0,27
4111889.0,45
4108056.0,46
1857.0,98
4170829.0,36
4119434.0,12
4131033.0,40
4122788.0,13
4108048.0,139
4102536.0,5
4179223.0,116
4100532.0,41
4100461.0,22
4100385.0,29
4107946.0,110
4195048.0,6
4117264.0,76
4114075.0,32
4170984.0,39
4170290.0,20
4108135.0,64
4170824.0,29
4178485.0,1
4113658.0,25
4108159.0,148
4118279.0,55
4108144.0,42
4116716.0,33
70117.0,1
4117268.0,61
4117388.0,29
4103790.0,6
4100154.0,208
72335.0,3
4100059.0,63
4100168.0,23
4113321.0,80
4114362.0,62
4114206.0,66
4101422.0,6
4103566.0,14
4116354.0,22
4130402.0,86
4150197.0,22
4116994.0,84
4130514.0,23
4100024.0,183
4150139.0,51
4197684.0,9
4115054.0,1
4170970.0,28
4199454.0,23
4111887.0,25
4111640.0,20
4116803.0,68
4116929.0,28
4108112.0,187
4130134.0,71
4116850.0,121
4111753.0,45
4115117.0,8
4113322.0,153
4130130.0,105
4116179.0,1
4100089.0,54
4198645.0,105
4111847.0,86
4108176.0,107
4160307.0,68
4101505.0,6
4116857.0,24
4160324.0,36
4100035.0,112
4130521.0,19
72757.0,1
4197606.0,26
4110105.0,24
4100462.0,20
4117033.0,111
9102558.0,5
72529.0,5
4197592.0,194
227.0,15
4108057.0,60
4114333.0,86
4198444.0,21
4117001.0,13
2619.0,5
4117006.0,44
4117396.0,48
4151749.0,65
2802842.0,1
2806506.0,1
4116905.0,22
4102830.0,31
4120438.0,82
4170978.0,72
4110050.0,6
2632.0,3
4110.0,6
4100156.0,80
4179150.0,28
4100576.0,85
3116.0,2
4100132.0,19
4103379.0,2
4179333.0,66
4100564.0,64
4176330.0,17
4199077.0,40
4116828.0,164
4116352.0,13
4103688.0,19
4176356.0,9
4107404.0,1
4151541.0,29
4130032.0,151
4160299.0,2
4108147.0,147
4112033.0,65
4123706.0,23
4116862.0,48
4114211.0,45
4105381.0,97
4100460.0,24
4108108.0,219
4115.0,12
4151530.0,13
9119223.0,2
4130126.0,70
10309.0,1
2749.0,22
4100092.0,42
3134.0,1
4122408.0,5
4103539.0,2
4112039.0,2
4119325.0,3
4100644.0,54
4116696.0,72
4176764.0,34
4104678.0,2
4116719.0,107
4118426.0,2
4130412.0,105
4117242.0,4
4100038.0,84
4102933.0,2
4198904.0,15
4116842.0,171
4117037.0,47
4102823.0,38
4102822.0,10
4116978.0,21
4199883.0,41
10718.0,11
4107784.0,22
4123488.0,20
9130036.0,3
4100100.0,22
4116967.0,72
4197552.0,96
4105380.0,65
4112032.0,42
4108114.0,127
4130118.0,4
4108090.0,57
4116869.0,30
1710.0,84
4179314.0,30
9964.0,4
4179366.0,14
4116673.0,54
4111885.0,21
4160263.0,4
4199776.0,10
4117304.0,1
4105306.0,66
4108208.0,8
4170336.0,30
9008883.0,2
1703.0,54
2638.0,2
9002119.0,3
4135010.0,1
4196857.0,8
1726.0,11
4117369.0,6
4107.0,8
4103825.0,31
4103601.0,10
1707.0,106
4150148.0,6
4151636.0,30
4199422.0,52
4113291.0,121
4116854.0,122
4100036.0,27
4100557.0,10
4110081.0,77
1858.0,235
4135040.0,30
4150201.0,16
4111638.0,17
4116733.0,100
4111824.0,75
4101578.0,15
4199453.0,2
4178801.0,3
4116745.0,22
7101798.0,7
4100159.0,76
4119247.0,5
4197599.0,5
4116924.0,22
4160289.0,43
4130133.0,32
9036974.0,2
9650.0,1
150.0,34
4112045.0,22
4116983.0,78
4117232.0,42
4130293.0,10
4130442.0,82
4116785.0,50
4116930.0,79
4179365.0,16
4123446.0,13
4176479.0,11
1863.0,41
4116881.0,88
4111926.0,63
4110308.0,89
4160290.0,85
4170721.0,3
4130096.0,38
4110090.0,8
4110054.0,3
4116675.0,29
9170487.0,29
4108028.0,97
4114355.0,8
4117281.0,28
4108050.0,87
4170340.0,27
4108123.0,71
4170806.0,52
4115604.0,74
4117332.0,46
4100449.0,46
4117201.0,20
4108097.0,146
4111872.0,52
4160284.0,23
1725.0,29
4100463.0,34
9006335.0,9
4129.0,13
4116928.0,59
4100445.0,37
4176974.0,37
4107159.0,7
4199880.0,51
4117043.0,7
4176770.0,20
4160347.0,22
4100414.0,2
4116704.0,51
71375.0,1
4195602.0,42
4100097.0,35
4113773.0,61
4108171.0,38
4113774.0,24
4111818.0,27
4100047.0,56
4100056.0,200
72336.0,4
72520.0,1
1027.0,6
4116680.0,70
4117181.0,19
4100458.0,35
4170502.0,19
4109.0,1
4116794.0,35
4135092.0,1
4110103.0,21
9002724.0,1
9006330.0,2
4111849.0,102
4107950.0,40
4116818.0,42
4107846.0,95
4150342.0,38
4108213.0,28
4170526.0,27
1723.0,31
4130065.0,9
4100451.0,31
4112031.0,113
4108157.0,26
4195018.0,4
4117297.0,15
4170355.0,20
4107932.0,92
4121801.0,51
4103663.0,7
4107945.0,12
1847.0,14
4106945.0,3
1721.0,53
4130059.0,89
9119260.0,4
1866.0,87
4111714.0,56
4117072.0,164
4116841.0,90
4116756.0,70
4160259.0,31
4196247.0,20
4116793.0,63
4116798.0,55
4117290.0,34
4108087.0,85
4114342.0,28
4122331.0,37
4198975.0,74
4112026.0,48
4113602.0,4
4197468.0,19
4114743.0,44
4179337.0,18
4116833.0,103
4130392.0,23
4110267.0,31
4130335.0,6
4116892.0,41
4114485.0,3
4176335.0,8
4150332.0,63
4113330.0,64
4116825.0,117
4108163.0,20
4117247.0,34
4118266.0,2
4150164.0,38
4130156.0,99
4118339.0,8
4105335.0,11
4179340.0,31
4111811.0,28
4130488.0,11
4116181.0,35
4195727.0,10
72278.0,6
9011273.0,2
4170876.0,34
4111626.0,42
4313.0,61
4116802.0,33
4130516.0,34
4116848.0,45
4100039.0,108
4111812.0,38
4123265.0,38
4113572.0,31
9000146.0,16
4114328.0,39
9012735.0,2
4130087.0,34
217.0,12
9119112.0,1
4111643.0,8
4111732.0,9
4111730.0,2
4101462.0,6
4101967.0,3
223.0,61
338.0,3
4101736.0,16
4100103.0,81
4100162.0,9
4103124.0,2
4151544.0,8
4119413.0,12
4311.0,95
4111826.0,36
4116847.0,26
4111827.0,8
4116864.0,25
4116949.0,2
4170414.0,15
4102911.0,14
9130392.0,10
4100552.0,20
4100117.0,95
4176617.0,4
4100651.0,120
4116690.0,73
9151651.0,40
4170245.0,73
4123.0,7
4116548.0,31
4135020.0,24
4176785.0,2
4111749.0,53
4116914.0,6
4108105.0,32
4116913.0,20
4116919.0,76
4108225.0,72
4119417.0,32
4179383.0,17
4115064.0,77
4119371.0,20
4135088.0,18
4100646.0,67
4105634.0,11
4118408.0,8
4116695.0,47
4115398.0,3
4160327.0,5
4119378.0,8
4116959.0,22
4113775.0,10
4113570.0,22
4121388.0,3
4195718.0,50
4102775.0,2
4130434.0,57
9130062.0,7
4117067.0,11
4130135.0,47
4170497.0,6
4170486.0,4
4119392.0,15
4108133.0,43
4150153.0,36
4116940.0,182
4170977.0,133
4123659.0,7
4119808.0,16
4135757.0,1
4110737.0,7
4123752.0,4
4121813.0,33
4119315.0,8
4117406.0,36
4117398.0,2
4117389.0,1
4170253.0,14
4197426.0,1
4170805.0,48
4130534.0,4
4116718.0,42
4103575.0,8
4119345.0,3
4176963.0,84
4111658.0,43
4111670.0,6
4150150.0,21
4170281.0,8
4176428.0,2
4111736.0,158
4103625.0,41
4100610.0,64
4102931.0,22
4150142.0,173
4135036.0,51
4179126.0,38
214.0,4
7101612.0,3
4108166.0,49
4114208.0,28
9114238.0,13
4111900.0,60
4116951.0,52
4107033.0,6
4111738.0,22
4111737.0,26
4111629.0,6
4113648.0,28
4176946.0,79
4160254.0,21
4117273.0,11
4160358.0,110
4160389.0,9
4178362.0,12
4116809.0,37
4117236.0,16
4199438.0,16
4111614.0,21
4170354.0,13
4113651.0,27
4108094.0,27
4160328.0,27
4170918.0,64
4179359.0,10
4100087.0,44
4130524.0,34
4160271.0,31
4102895.0,36
4102925.0,18
4197033.0,3
4112034.0,91
4100613.0,17
4100498.0,61
4108227.0,58
4170524.0,14
220.0,62
4117259.0,17
342.0,3
4114452.0,14
4100504.0,3
4100386.0,24
4117280.0,91
4100086.0,26
4100554.0,28
4100114.0,82
4100053.0,97
4160266.0,36
4107395.0,7
4116813.0,33
1003.0,15
4116844.0,40
4150251.0,13
4108021.0,25
4195706.0,54
4116952.0,40
11558.0,1
4109510.0,4
4111846.0,54
4119063.0,3
1402.0,6
9010792.0,3
225.0,16
1727.0,39
4196120.0,8
4108059.0,73
4108195.0,22
4102833.0,33
4103653.0,4
4116958.0,17
4106968.0,6
4170094.0,44
1864.0,45
4116816.0,97
4110264.0,19
2818.0,7
4170263.0,61
4130432.0,39
4111622.0,27
4117790.0,1
4111623.0,48
4150171.0,85
4116829.0,58
4117365.0,12
4160247.0,16
4119220.0,3
4100553.0,14
2823.0,60
72098.0,14
9009413.0,1
8001908.0,7
4117282.0,25
4108077.0,80
1851.0,24
4116724.0,19
4151724.0,46
4108186.0,26
1856.0,70
9108231.0,52
4116731.0,16
4108185.0,114
4160339.0,25
4117227.0,40
4117007.0,41
4170573.0,2
4199637.0,61
4130155.0,57
4100555.0,10
326.0,19
4135089.0,2
4150160.0,68
4101535.0,24
4105379.0,101
4170715.0,6
1403.0,11
4114451.0,12
4122203.0,5
4117255.0,70
4170348.0,34
9000856.0,11
4107951.0,64
4112210.0,4
4110256.0,38
4117045.0,154
4105339.0,6
4102912.0,25
4116986.0,13
4111657.0,50
4108142.0,21
4100102.0,49
4100593.0,5
4100608.0,35
4150146.0,20
4160309.0,113
4121395.0,13
4117284.0,15
4100620.0,1
4135019.0,33
4196126.0,8
4113772.0,39
1013.0,12
4116709.0,40
4105340.0,2
4176761.0,41
4170936.0,13
4117059.0,73
4104693.0,3
4114360.0,9
427.0,5
4131034.0,101
4111644.0,31
4100091.0,32
4116795.0,9
4197563.0,21
4111814.0,54
4130525.0,9
4113329.0,30
4160382.0,57
4116993.0,41
4116383.0,6
4116861.0,4
4103755.0,43
4108013.0,35
4110713.0,3
4103827.0,6
4100078.0,10
4116871.0,35
4117411.0,19
4170049.0,2
4116097.0,17
4195009.0,13
4176769.0,5
4116677.0,65
4101234.0,1
2756.0,8
4101173.0,2
4199827.0,5
4107004.0,6
4111840.0,28
4176318.0,22
4101605.0,46
9010340.0,1
4100096.0,28
4160224.0,21
4116927.0,148
4120441.0,10
4117410.0,18
4102885.0,2
4100450.0,35
4197604.0,27
2802964.0,1
4116539.0,4
4100163.0,12
4107892.0,8
2802963.0,1
424.0,13
4150177.0,23
4122177.0,61
4100584.0,2
9179237.0,16
4117189.0,45
4116915.0,20
4108042.0,73
4197608.0,13
9122202.0,1
4122202.0,3
4135065.0,7
4199315.0,32
9176952.0,9
4100452.0,66
4160361.0,10
9001124.0,2
4119321.0,12
4117420.0,5
4122000.0,4
4100040.0,56
4116955.0,70
4105383.0,66
4130400.0,6
4117340.0,22
4179200.0,41
2556.0,1
4116846.0,50
8001669.0,36
221.0,45
1025.0,9
4170527.0,20
4105271.0,8
4179349.0,21
4115505.0,22
4116635.0,3
4199431.0,4
4107953.0,66
4116964.0,85
4116697.0,9
4150157.0,31
4108232.0,2
4130435.0,73
4176606.0,6
9002148.0,1
331.0,27
4100524.0,38
329.0,17
4111918.0,9
4111821.0,111
4107844.0,6
4108432.0,3
9100650.0,9
74914.0,4
4195609.0,23
4117050.0,62
4100034.0,12
4114322.0,5
4116950.0,13
4117035.0,30
4117918.0,5
4176831.0,4
4179330.0,4
4116732.0,21
4170492.0,3
73844.0,11
4108192.0,98
4118255.0,14
4100157.0,46
4108224.0,76
4195019.0,16
4130329.0,4
4121985.0,1
4117283.0,24
1728.0,27
4160241.0,5
4117361.0,7
4117249.0,27
4102866.0,11
4113319.0,23
4120443.0,24
4151727.0,52
4130512.0,18
4111690.0,7
4116720.0,85
4111746.0,31
4118342.0,1
4170861.0,58
4103642.0,31
1754.0,54
9115920.0,1
4122783.0,2
4108064.0,75
4130052.0,4
4101366.0,1
4100058.0,66
4100029.0,38
4113326.0,11
4107916.0,1
4117435.0,1
4199456.0,9
4123496.0,13
4116880.0,214
4100441.0,76
4117258.0,41
4121340.0,1
4113578.0,43
8758.0,1
4103386.0,2
4150255.0,27
4111922.0,36
4116970.0,62
9117184.0,26
8002242.0,1
432.0,9
4117046.0,16
9034196.0,3
9008387.0,1
4102810.0,4
4103670.0,27
4117044.0,74
4108438.0,2
4117250.0,13
4178992.0,1
9006794.0,1
4199622.0,21
4130063.0,37
4111743.0,123
4131032.0,32
4100069.0,34
4160370.0,4
9286.0,2
4103378.0,2
4130477.0,3
4170523.0,42
4117023.0,41
4160207.0,8
4135035.0,7
4108167.0,24
4135033.0,60
4116870.0,25
4199361.0,59
4123658.0,18
4103595.0,33
4110118.0,2
4100643.0,5
9114951.0,4
4101527.0,12
4100167.0,3
4170117.0,6
1852.0,45
9123438.0,5
4150253.0,16
4170542.0,28
4111789.0,2
4150273.0,14
4100032.0,14
4514.0,4
4116856.0,43
4108126.0,105
4113323.0,53
4114908.0,18
4170396.0,3
4115062.0,11
4100136.0,75
4111752.0,38
2826.0,6
4100562.0,46
4170123.0,39
4105329.0,6
1753.0,13
7700.0,10
4150330.0,16
4103991.0,22
4100645.0,20
13829.0,1
4199042.0,3
4199396.0,9
9011200.0,3
4170939.0,8
4100111.0,39
4150179.0,19
4135025.0,83
4179141.0,54
4111728.0,10
9179154.0,32
4130129.0,94
4170663.0,8
4309.0,22
4116492.0,2
4119233.0,2
2801514.0,1
9009603.0,3
4111687.0,9
4100027.0,42
152.0,21
4108431.0,42
8002693.0,1
8008950.0,5
4108226.0,41
4170963.0,58
4117346.0,8
4176888.0,2
4116505.0,38
8001367.0,2
9007313.0,1
4116891.0,54
4116665.0,1
4108217.0,34
4103589.0,6
4100065.0,25
4114976.0,29
4100573.0,6
75927.0,1
4195495.0,34
74931.0,10
9012599.0,1
4170120.0,8
4100169.0,5
1502.0,7
4108011.0,51
4114354.0,15
4130224.0,10
4130437.0,7
4197603.0,13
9009609.0,2
4150356.0,10
4118533.0,1
4118332.0,2
4113569.0,3
4103639.0,48
9008151.0,7
4100500.0,4
4111740.0,11
4170922.0,15
4195701.0,15
4108161.0,20
9119371.0,4
4160315.0,18
4160312.0,13
4179361.0,16
4130499.0,3
4199649.0,2
9004561.0,1
4100098.0,37
4115606.0,3
4130056.0,44
4111873.0,91
4176824.0,2
4111731.0,5
4105270.0,16
1714.0,73
4113605.0,5
4105305.0,29
4150351.0,16
1007.0,11
4150345.0,32
4101945.0,5
4105269.0,7
4178223.0,1
4199412.0,1
4116268.0,17
4102932.0,35
7103537.0,22
4108063.0,19
1024.0,7
10891.0,2
4103612.0,3
4120436.0,39
4199496.0,67
4110104.0,10
4120509.0,1
9001588.0,3
4117235.0,25
4130523.0,3
4196559.0,3
4170409.0,17
4114204.0,49
4118267.0,9
4130097.0,29
4108125.0,35
4117279.0,16
4105377.0,19
4122171.0,6
4135786.0,1
9004029.0,1
4116666.0,31
4113434.0,14
4100014.0,4
2637.0,1
4108124.0,34
4102834.0,2
4120444.0,22
4116743.0,11
4179335.0,78
4100170.0,21
4122176.0,59
2801921.0,1
4199697.0,3
4110203.0,9
4112036.0,52
4100118.0,86
4116717.0,46
213.0,9
4103493.0,41
9002649.0,2
9000173.0,1
4105374.0,14
4150256.0,20
4170400.0,37
4100563.0,53
7816.0,14
4113985.0,1
8501538.0,4
4110418.0,13
4170415.0,41
4170667.0,3
4100124.0,39
4150258.0,4
4176455.0,5
4105670.0,1
4101873.0,2
4102901.0,2
4100020.0,122
4130349.0,28
4122308.0,58
4130466.0,33
4135026.0,54
9008436.0,3
9008772.0,1
234.0,27
4195707.0,2
4199631.0,67
4197722.0,10
4119141.0,6
4114340.0,13
7102877.0,13
4121605.0,7
4178736.0,2
4116878.0,72
4177001.0,25
4199068.0,5
4111886.0,28
4119410.0,1
4101879.0,3
4105297.0,41
4114329.0,22
4108131.0,31
4119348.0,2
72941.0,2
4100647.0,28
9008033.0,1
324.0,2
4103525.0,1
4100063.0,30
4116784.0,5
4130552.0,10
4196091.0,15
4160301.0,46
4112114.0,1
4108014.0,74
4121991.0,2
4170339.0,21
4195607.0,26
4115060.0,17
4116749.0,24
4110152.0,1
4108009.0,20
4116317.0,13
4135518.0,19
4116921.0,59
4199931.0,1
1758.0,2
4199602.0,7
1813.0,13
4130034.0,58
4122307.0,19
71212.0,1
207.0,2
4135007.0,40
4105288.0,2
4116984.0,45
4195696.0,14
4116925.0,28
4116109.0,2
4105371.0,33
4107914.0,14
4130387.0,31
4116977.0,46
4110416.0,6
4110393.0,2
4117029.0,29
4170342.0,40
4170273.0,21
4110255.0,62
4170351.0,15
4101848.0,1
4116005.0,1
4100321.0,1
425.0,12
4110306.0,2
4110196.0,2
4100622.0,1
4170519.0,10
4100571.0,11
4135018.0,15
4117024.0,12
4101526.0,63
4113743.0,2
4170356.0,17
4130409.0,22
238.0,24
4196049.0,21
4151545.0,6
4111912.0,34
4135034.0,4
4101460.0,3
9903.0,3
4108160.0,38
420.0,18
9005288.0,1
9034335.0,2
2750.0,18
4100459.0,15
4130463.0,14
4117062.0,23
2755.0,5
4178904.0,8
339.0,7
2817.0,4
10695.0,3
4117277.0,47
4118424.0,2
4130421.0,17
4130332.0,4
430.0,7
4135597.0,38
224.0,18
4117319.0,40
4170267.0,25
4100290.0,3
4150196.0,26
4197609.0,28
4108137.0,62
4100682.0,2
4195601.0,26
4107609.0,1
4170347.0,47
4100447.0,51
4100496.0,5
4170522.0,34
4130356.0,29
4151505.0,1
4113577.0,23
219.0,72
4122337.0,22
4108228.0,41
4117336.0,3
4130517.0,18
4116961.0,7
4116975.0,10
2738.0,4
4108099.0,49
4111947.0,1
1759.0,30
4160397.0,7
9102925.0,5
4119840.0,1
4120448.0,13
4150313.0,2
4119432.0,11
4197425.0,41
4117329.0,9
4117018.0,14
4178206.0,5
4160226.0,2
4170937.0,23
4199618.0,7
4116687.0,30
4119362.0,1
4114199.0,1
73656.0,2
4179325.0,9
4111868.0,29
4179317.0,33
4170665.0,11
4103260.0,11
4100717.0,23
4108153.0,57
4176323.0,43
4108019.0,10
8001575.0,2
4117071.0,60
4111875.0,102
4117094.0,1
4116750.0,55
4103572.0,10
8002110.0,2
4199608.0,6
4108102.0,35
4119326.0,1
4103617.0,5
4170246.0,13
4100037.0,45
4130055.0,33
4151628.0,11
9119227.0,5
4113320.0,22
4122791.0,4
211.0,10
4100612.0,39
4178982.0,22
4160072.0,7
4116987.0,3
4150353.0,8
4130108.0,13
2640.0,9
4119152.0,12
4111810.0,14
4170322.0,3
4100656.0,4
4150149.0,6
4108197.0,16
4170830.0,3
4102916.0,8
8058.0,1
8546.0,5
8918.0,1
4150178.0,18
4118117.0,11
4150241.0,4
4179129.0,5
4170258.0,41
4116843.0,35
4130519.0,59
4108055.0,23
4102868.0,6
9614.0,3
4111819.0,36
4123751.0,3
1804.0,9
4110145.0,1
4103159.0,1
4100408.0,2
8812.0,16
15238.0,1
11564.0,1
1017.0,1
4195702.0,23
4114339.0,48
314.0,1
4108418.0,62
4170352.0,41
4103534.0,6
4135046.0,14
4508.0,4
4100066.0,22
4151732.0,7
4100530.0,15
70713.0,1
4197556.0,5
4117320.0,19
9006339.0,14
4207.0,1
4107808.0,8
74935.0,13
4127.0,3
2627.0,4
4108008.0,11
4150135.0,70
4100081.0,17
4116916.0,10
4160349.0,9
4100615.0,21
4179296.0,1
4199072.0,50
4195611.0,33
4123689.0,41
4120750.0,49
4179348.0,12
4111677.0,7
4130138.0,5
4130157.0,8
4117879.0,28
413.0,3
4130256.0,2
4130140.0,2
4199475.0,36
4114849.0,6
4170498.0,21
4170392.0,8
8008820.0,11
4116684.0,12
4115048.0,52
4101473.0,5
4119394.0,9
4117427.0,7
4117364.0,27
4170257.0,15
4118278.0,2
4130057.0,41
4120453.0,26
4117239.0,58
4113449.0,23
4199601.0,17
4120435.0,21
4197587.0,7
4150262.0,2
4103435.0,3
4114353.0,21
4176302.0,10
2819.0,24
4197596.0,8
4117323.0,13
4115603.0,24
4113600.0,17
4195010.0,21
4111916.0,5
10661.0,2
4178946.0,3
2821.0,24
4103531.0,3
4178955.0,1
4170265.0,13
4100652.0,24
4103428.0,14
4119106.0,11
4176597.0,3
4176961.0,2
4170282.0,26
4100122.0,19
2534.0,6
4116946.0,3
4103772.0,2
4103567.0,13
4170121.0,3
4100419.0,1
4111625.0,35
4100657.0,1
4116972.0,31
9008861.0,1
9012517.0,8
4107060.0,2
4100041.0,57
4176953.0,51
4176970.0,13
4103533.0,5
9178604.0,6
4135045.0,26
4116821.0,4
8001380.0,16
4100413.0,1
4122756.0,7
4100624.0,9
4170693.0,1
4131077.0,2
4176223.0,1
4198879.0,2
4119055.0,2
4111867.0,11
4176689.0,2
4100474.0,9
4130333.0,3
4111747.0,26
4198918.0,3
4119103.0,1
4107857.0,1
4135039.0,13
4121025.0,22
4119221.0,1
4130053.0,11
8003143.0,7
9002825.0,1
4102839.0,18
4122679.0,13
70896.0,1
4101409.0,2
4101977.0,7
4102860.0,1
241.0,9
4510.0,10
4130518.0,37
2621.0,4
4122084.0,2
4195613.0,37
4199205.0,7
4151571.0,2
4170394.0,19
4179344.0,1
4108182.0,21
4103672.0,1
4100568.0,22
76426.0,1
8002655.0,2
4116178.0,13
4151565.0,2
4115023.0,5
4118536.0,1
4123686.0,61
4130351.0,7
4100446.0,7
4103591.0,29
4100128.0,33
4116747.0,12
4103185.0,3
4199693.0,12
4119234.0,1
4102921.0,42
4116681.0,39
4119954.0,34
4103602.0,14
4196956.0,5
1016.0,5
4130367.0,1
4105399.0,6
9115049.0,4
2516.0,3
4117009.0,21
4111816.0,23
4116388.0,11
4117069.0,26
4131051.0,1
4102908.0,7
4112185.0,1
4118428.0,10
4100046.0,19
4116726.0,38
4117269.0,20
4103667.0,6
1861.0,32
8001638.0,3
4102816.0,4
204.0,3
4100702.0,7
4100569.0,1
4119812.0,8
4151725.0,30
4195726.0,14
9612.0,1
1005.0,26
4118368.0,5
7103641.0,2
1006.0,60
4114201.0,6
4130136.0,24
4130061.0,16
4120515.0,34
4117042.0,3
4170961.0,3
4113317.0,22
4160336.0,8
4100072.0,33
4115188.0,7
4197547.0,7
317.0,12
4100607.0,12
4111856.0,13
4196112.0,2
4176486.0,2
4103489.0,23
4199895.0,26
8856.0,33
4176092.0,1
4178967.0,4
330.0,10
4176938.0,14
4116746.0,3
9002597.0,1
4130430.0,26
1762.0,16
4196116.0,18
4105213.0,2
4195053.0,2
4130423.0,15
4130228.0,16
4130114.0,14
4150193.0,30
4197002.0,1
4110107.0,15
4117060.0,17
151.0,34
4170809.0,2
155.0,5
4123267.0,1
4150155.0,8
4107075.0,6
4100070.0,10
4176807.0,7
2523.0,3
4116589.0,12
4199771.0,4
8732.0,1
4150331.0,5
4115083.0,3
4101405.0,1
9000131.0,4
4103671.0,12
4101524.0,60
240.0,37
4160362.0,56
4117065.0,9
4160256.0,13
4103675.0,2
333.0,10
4111688.0,6
4107931.0,108
4160396.0,6
4113571.0,5
4135021.0,30
4178951.0,5
4110309.0,9
4117163.0,1
4117325.0,12
327.0,23
4130173.0,4
4170825.0,14
4179367.0,64
4112037.0,11
4114203.0,17
4117022.0,53
9035347.0,5
9002823.0,2
4101883.0,4
4111980.0,1
4105247.0,2
4102069.0,2
4118294.0,3
4116708.0,51
4100479.0,1
4170983.0,5
2758.0,6
4121999.0,8
4117202.0,12
4170944.0,20
4170289.0,14
4150154.0,15
4108199.0,25
4109899.0,2
9010457.0,1
242.0,2
332.0,12
4199474.0,7
9002678.0,5
4116815.0,12
4113627.0,20
4122636.0,17
4117276.0,13
4199828.0,10
4111758.0,10
4101880.0,9
9118153.0,4
4100141.0,20
72484.0,1
9036839.0,3
8018.0,4
4102915.0,9
4110053.0,1
4107850.0,10
4176829.0,1
4117039.0,31
1755.0,14
4114448.0,7
9008732.0,2
4100105.0,54
4114472.0,26
4102890.0,9
4114351.0,10
4199723.0,17
4116855.0,28
4121408.0,5
4116917.0,16
4110675.0,2
4135006.0,12
4123688.0,11
9036127.0,2
4170338.0,54
9008990.0,1
4199047.0,2
4178969.0,11
4178204.0,6
4117053.0,41
419.0,3
9035991.0,1
4176991.0,4
4130255.0,3
9009721.0,1
9009871.0,1
1004.0,19
4199619.0,22
4117234.0,9
4160227.0,10
4170119.0,2
4119390.0,8
4117306.0,37
4150553.0,42
4199825.0,4
9004384.0,1
4178983.0,1
4118555.0,1
4179003.0,1
4122304.0,15
4130089.0,4
4117308.0,2
4176598.0,4
4176085.0,2
4117262.0,3
4109484.0,3
4130060.0,2
4117219.0,1
4103545.0,22
4103412.0,1
4196059.0,1
4150343.0,4
4117012.0,16
4170283.0,11
4122356.0,3
4116488.0,1
4170914.0,5
4176752.0,7
229.0,5
4117293.0,13
4176475.0,31
7102911.0,6
4108091.0,11
4117793.0,3
4196069.0,4
4111785.0,1
4103548.0,10
4118444.0,3
4112205.0,3
4135067.0,20
4108015.0,54
4103263.0,14
208.0,7
4179175.0,1
4160311.0,32
72056.0,4
74947.0,4
2811.0,11
9751.0,3
4113603.0,4
4199616.0,18
4117378.0,3
4150471.0,2
4150203.0,4
4804.0,1
4105337.0,11
9105348.0,1
1028.0,6
4103457.0,4
4121805.0,14
4105226.0,6
4111632.0,12
4108177.0,20
4118336.0,1
4111865.0,34
4100567.0,18
2532.0,1
4130340.0,6
72027.0,1
4117417.0,2
9848.0,1
7844.0,1
4117311.0,14
4111871.0,18
4178968.0,26
4113333.0,5
4117260.0,18
4170953.0,1
71196.0,1
9010011.0,1
4118.0,4
2626.0,2
4114078.0,4
226.0,44
4106.0,2
4100045.0,3
4130350.0,21
8635.0,2
4100637.0,11
9179587.0,1
4116796.0,3
4100525.0,3
4121024.0,24
4196114.0,4
4160350.0,8
4107622.0,1
2727.0,3
4197589.0,15
4113568.0,3
4102898.0,5
2517.0,4
4117288.0,35
4100497.0,25
4103810.0,2
4118343.0,4
4122258.0,7
4195711.0,12
4195189.0,1
4110192.0,4
4170247.0,3
4115594.0,45
4121625.0,1
8501626.0,1
72578.0,4
4107045.0,6
4130441.0,4
4106756.0,7
7101637.0,5
4123050.0,20
4135517.0,34
4110476.0,3
1850.0,10
340.0,6
1756.0,23
4170866.0,14
4116679.0,25
4108010.0,39
4100420.0,1
9001098.0,1
4196034.0,4
4100021.0,27
4176976.0,9
4111820.0,33
4160261.0,47
4122167.0,4
4117328.0,7
2717.0,5
4115123.0,1
4111799.0,6
4100121.0,24
4107059.0,1
4105238.0,1
4151783.0,13
4150163.0,12
4114756.0,1
4176369.0,2
4115854.0,1
9012647.0,1
4160122.0,9
4116688.0,9
4108148.0,19
4116810.0,13
4196929.0,1
9176783.0,6
4170341.0,11
2714.0,1
7103056.0,6
4197436.0,2
1803.0,14
4150254.0,20
4112209.0,2
4176119.0,1
4196044.0,5
4119346.0,3
4170433.0,1
4170925.0,6
4117316.0,18
4103523.0,1
4117874.0,1
9122102.0,8
4111823.0,22
8825.0,1
4110286.0,32
4117391.0,48
9009883.0,1
4176093.0,2
4170291.0,7
4130246.0,1
4111869.0,9
4111647.0,3
4199056.0,7
319.0,7
4179000.0,4
335.0,10
4101697.0,1
9004912.0,1
248.0,4
4150194.0,16
4111167.0,1
4105302.0,7
4131078.0,3
4197558.0,16
4197597.0,4
4108209.0,32
4130281.0,9
4118326.0,1
4116838.0,10
4170097.0,18
4116839.0,5
4100075.0,13
4117296.0,3
4130341.0,16
4170299.0,6
4113314.0,8
4130357.0,12
9000246.0,2
9006461.0,6
9011700.0,2
4118290.0,38
4100054.0,12
4171444.0,1
4111750.0,51
4116670.0,12
4197539.0,3
4197541.0,1
4135109.0,1
2807110.0,1
2802852.0,1
2802856.0,1
1809.0,6
4114356.0,7
4111908.0,1
4199600.0,2
4116433.0,35
9035957.0,10
4170489.0,1
4122168.0,10
4123692.0,13
1802.0,8
4130545.0,4
4116974.0,17
2740.0,8
4130533.0,4
9005517.0,3
4101858.0,2
4179180.0,7
9005414.0,2
9002656.0,1
4103121.0,4
4118313.0,2
4130161.0,3
4107856.0,1
4130426.0,2
4195703.0,13
4115596.0,8
72584.0,2
2746.0,7
4123494.0,6
72898.0,1
4130486.0,16
4195995.0,44
4130527.0,39
9160214.0,10
4118385.0,5
2747.0,18
2631.0,4
15906.0,1
4100511.0,5
1750.0,1
9000932.0,3
4122345.0,2
4150205.0,9
4119389.0,9
4117433.0,40
4111850.0,42
4176333.0,1
4196949.0,1
4116668.0,35
4119418.0,5
9000983.0,1
4130107.0,4
4179324.0,3
4102144.0,2
9009841.0,1
4123526.0,1
9014557.0,2
4103574.0,4
9009775.0,2
70777.0,1
4178964.0,2
4103607.0,9
318.0,12
4176783.0,7
9002721.0,1
4116638.0,1
4116611.0,31
4115115.0,2
9065.0,1
4117423.0,10
4150441.0,2
2815.0,16
4103256.0,10
4101365.0,2
4199696.0,1
4113580.0,2
4199191.0,32
4113579.0,20
4116397.0,1
4103587.0,1
9036637.0,5
4102870.0,10
4118373.0,10
4111837.0,10
4176113.0,2
429.0,7
9006334.0,7
4176366.0,2
249.0,5
4130285.0,8
4130127.0,35
4103323.0,3
9536.0,1
4117348.0,3
4119380.0,3
4108152.0,10
4116111.0,10
4170266.0,6
4117380.0,5
4116664.0,10
4113448.0,19
4107072.0,2
4121995.0,14
4101461.0,1
1452.0,1
4179380.0,10
4112374.0,2
4117188.0,8
4107634.0,1
9002132.0,12
75536.0,1
4195606.0,7
4199987.0,3
4170464.0,6
4135673.0,2
4199621.0,16
4135022.0,16
4151527.0,4
4515.0,3
4130452.0,1
8507.0,4
4114.0,10
76425.0,2
2742.0,6
4116659.0,7
4122275.0,1
4176881.0,1
4130489.0,9
4116866.0,13
9118140.0,1
4116320.0,20
9002801.0,1
4113245.0,1
235.0,11
4195617.0,5
4110310.0,7
4110301.0,3
4106991.0,3
4100556.0,6
4117312.0,5
4102864.0,10
4116942.0,24
2801670.0,1
4116926.0,7
4179358.0,13
4130033.0,17
9027.0,2
4119294.0,1
9033549.0,2
9008685.0,1
4195943.0,3
9035138.0,2
4116387.0,10
4107046.0,3
4150123.0,2
4150151.0,10
4170833.0,8
4197466.0,15
4103540.0,4
4119239.0,1
4100526.0,8
4117334.0,2
9009688.0,1
4118502.0,2
4160219.0,15
3202.0,1
4103490.0,4
4100560.0,34
4130220.0,1
9012810.0,1
4150650.0,4
4100411.0,7
4100422.0,1
4199196.0,5
4122086.0,8
4196998.0,1
9007806.0,1
4108201.0,19
4176426.0,18
2812.0,17
4130286.0,14
4135096.0,3
4110670.0,5
4101466.0,2
72528.0,3
4100133.0,2
4100649.0,14
4118621.0,1
4102348.0,3
4160070.0,4
4103563.0,2
4135052.0,1
4119143.0,13
4122326.0,2
4150121.0,2
2822.0,2
4101530.0,9
2745.0,8
1752.0,6
4117371.0,19
4172112.0,1
8501279.0,6
4198955.0,1
9606336.0,7
9000123.0,1
4105280.0,5
8501543.0,2
4107132.0,2
4176636.0,2
4122175.0,2
4116735.0,4
9118540.0,6
4502.0,9
4130154.0,4
4117317.0,8
4101452.0,2
4119905.0,1
4117339.0,10
4103819.0,1
4105299.0,2
1451.0,2
1407.0,12
4121992.0,22
4199469.0,2
4130433.0,15
4117000.0,1
4116536.0,1
1450.0,8
4130101.0,12
4199091.0,15
4160204.0,5
4112249.0,2
1503.0,5
4135047.0,8
2734.0,8
73681.0,4
4119253.0,4
70500.0,8
4111646.0,4
4102941.0,11
4121808.0,6
4116896.0,2
4103594.0,19
4101428.0,12
9121431.0,19
4102896.0,13
4100566.0,14
4197423.0,1
4116901.0,3
4195614.0,11
9117876.0,5
4117251.0,7
4199623.0,4
4116318.0,5
4117047.0,35
4121804.0,2
4176989.0,8
4108190.0,6
4116602.0,5
8001635.0,2
2751.0,4
4118372.0,1
1453.0,4
4160340.0,15
4116553.0,1
4170031.0,1
4110265.0,9
4105328.0,4
4111651.0,4
4170919.0,4
4130223.0,3
4101471.0,4
4130039.0,1
4130461.0,2
4105783.0,1
4105779.0,1
4123047.0,1
4101430.0,9
4101429.0,4
9004295.0,1
9112666.0,1
4130092.0,15
4118392.0,3
4118398.0,1
4135532.0,4
4112.0,1
9179223.0,3
2636.0,2
8907.0,5
73679.0,3
1506.0,2
71874.0,5
4101901.0,1
4107087.0,2
4116911.0,20
4119415.0,3
4100653.0,13
422.0,8
4170270.0,9
4195603.0,23
2803018.0,1
4196285.0,2
75887.0,1
4130035.0,20
2827.0,3
9002757.0,1
4112359.0,4
4117856.0,1
9011021.0,1
9008650.0,1
4195612.0,8
9001899.0,1
8001745.0,2
4517.0,23
4116812.0,5
4198974.0,13
4150348.0,24
4103122.0,16
9006329.0,3
4117226.0,1
4122083.0,10
9150145.0,9
9012880.0,1
4179315.0,17
4176398.0,23
9119013.0,4
4135023.0,18
4197600.0,4
4199080.0,4
4112372.0,1
1860.0,21
4101408.0,1
4107924.0,12
4150128.0,2
4100349.0,2
4103603.0,6
4195616.0,1
4103829.0,1
4130526.0,16
4103606.0,13
4105624.0,17
8269.0,2
4107058.0,1
4115190.0,7
9030877.0,2
4117456.0,5
4112352.0,2
4102865.0,1
4109840.0,3
71350.0,3
9000897.0,1
10517.0,1
10508.0,2
4199777.0,3
9010441.0,4
4135014.0,8
4121986.0,1
73170.0,1
7923.0,2
4116730.0,9
4111920.0,5
4170350.0,13
9114006.0,1
9114003.0,1
4170488.0,3
4170765.0,3
4199604.0,6
4111915.0,8
4176464.0,1
4806.0,1
9130357.0,6
4160246.0,1
4160231.0,4
4123660.0,3
4170877.0,2
4116918.0,31
4160371.0,3
4117333.0,6
4160220.0,5
4130102.0,2
4114330.0,3
4170406.0,7
4135696.0,1
4119877.0,1
4116957.0,8
4102010.0,3
9000145.0,3
4102147.0,2
1957.0,4
8002598.0,1
4102902.0,5
201.0,2
4150257.0,16
4119659.0,1
4123497.0,22
4121803.0,1
4118285.0,1
4112386.0,1
4115053.0,5
4195391.0,2
4130370.0,2
4117196.0,6
4135032.0,26
4119276.0,1
4117356.0,1
4195055.0,3
4107903.0,1
4101989.0,10
4100421.0,2
4116782.0,12
4100010.0,6
4100601.0,3
4110115.0,1
4102801.0,2
4117331.0,21
4100019.0,6
4130547.0,2
9011184.0,1
4150113.0,7
9034733.0,1
4176977.0,9
4130088.0,12
72279.0,6
4119117.0,2
4199038.0,2
4110132.0,10
4107121.0,3
4100008.0,5
1277.0,1
9117434.0,1
7103390.0,1
9003559.0,1
4116903.0,5
4150199.0,5
1849.0,16
4179351.0,1
4103551.0,6
9034319.0,1
159.0,5
154.0,8
2757.0,7
4104.0,1
4122079.0,1
9009122.0,2
4170410.0,6
4122254.0,4
4106836.0,1
4103417.0,2
4101436.0,5
4103420.0,1
4103431.0,3
4130194.0,8
4122790.0,15
4118152.0,5
4107893.0,11
4199772.0,9
4107119.0,2
4114056.0,1
4107866.0,7
4117299.0,7
4101629.0,1
4117261.0,14
4118478.0,7
4160387.0,4
4110168.0,9
72091.0,8
4126.0,13
4103555.0,11
4195844.0,1
9002699.0,1
4135519.0,12
4116672.0,8
4119174.0,1
4123268.0,2
4150119.0,1
4176156.0,2
4150595.0,8
4503.0,4
4105361.0,3
71612.0,1
4108020.0,28
4116669.0,17
8501960.0,1
4102953.0,3
1023.0,16
4103802.0,2
4815.0,1
4116799.0,27
4101442.0,4
4110281.0,1
4103641.0,6
4111637.0,26
4101427.0,2
4113453.0,1
4117129.0,3
4117121.0,7
9119103.0,1
4110257.0,10
4115474.0,1
4103763.0,1
4103577.0,3
4130543.0,4
7197.0,1
2531.0,2
4110190.0,9
1276.0,1
4199587.0,4
9007507.0,1
4195714.0,3
4103542.0,1
7100026.0,3
4135523.0,2
9008406.0,1
4172252.0,1
4176941.0,7
4130242.0,1
4123687.0,5
4122165.0,7
9034905.0,2
74923.0,3
4118273.0,3
4121950.0,2
3114.0,4
4195026.0,5
4103285.0,5
9034813.0,1
71322.0,1
4160316.0,10
4117016.0,10
4130359.0,12
4160395.0,4
4106966.0,2
4197586.0,9
4116356.0,6
237.0,6
4103486.0,14
4123726.0,10
4101482.0,1
4178211.0,2
4178325.0,2
4118348.0,6
4199822.0,3
73685.0,2
4151658.0,3
4177481.0,1
1273.0,1
4119420.0,3
4100605.0,8
4100171.0,1
4116355.0,2
4170969.0,1
4195051.0,2
4100011.0,2
4130327.0,4
4170980.0,14
4116617.0,5
9117865.0,9
4198900.0,3
4114762.0,1
4118331.0,2
9544.0,2
4130147.0,1
9000790.0,1
4106959.0,3
4179157.0,1
4116610.0,2
9009941.0,1
4130184.0,3
4176950.0,1
4118268.0,4
4123723.0,6
4102882.0,2
4100405.0,3
4101469.0,1
4103725.0,9
8001127.0,1
72080.0,1
434.0,12
428.0,7
4111843.0,4
2805835.0,1
4113035.0,1
9199447.0,1
4116865.0,8
4117041.0,6
4121007.0,4
4113776.0,1
9122893.0,1
4150114.0,3
8501766.0,9
4196071.0,8
4179179.0,2
4135095.0,5
9003178.0,1
4111661.0,1
4111880.0,4
4110194.0,7
4114977.0,1
4112491.0,1
4195604.0,6
4114918.0,6
4106950.0,9
72754.0,1
4112518.0,1
4112035.0,9
4105218.0,6
4195035.0,1
4102141.0,2
4112108.0,3
4118200.0,1
4102814.0,3
4114077.0,4
4103647.0,1
4170975.0,3
4113601.0,3
4105230.0,1
4102153.0,2
4179364.0,7
4176992.0,4
73067.0,1
4116216.0,1
4176973.0,1
243.0,3
9010516.0,1
9122337.0,2
2803772.0,1
4135522.0,4
4130336.0,1
4103791.0,9
4122343.0,3
4100062.0,14
4176077.0,2
72345.0,17
4111313.0,1
1270.0,1
2814.0,10
4101912.0,2
4105249.0,4
4121341.0,1
4103615.0,4
4195610.0,5
4160121.0,1
4176806.0,2
4115158.0,1
2761.0,3
2801439.0,2
4101882.0,7
4102817.0,3
4150350.0,4
4117302.0,2
4113318.0,13
74934.0,3
4170060.0,1
4105287.0,2
4117899.0,1
4113301.0,8
72403.0,1
4110200.0,11
4115109.0,2
4150349.0,5
4176512.0,2
4170541.0,8
9176938.0,7
4199885.0,22
4117347.0,6
8501765.0,2
9006331.0,2
4135669.0,3
4119948.0,8
4130179.0,3
4176478.0,1
4103742.0,1
9008316.0,4
4120516.0,2
4117355.0,3
4117917.0,4
4113393.0,1
4117846.0,3
9003071.0,1
4198939.0,2
4179360.0,1
9010787.0,1
4113745.0,3
4116937.0,4
4176640.0,4
2541.0,1
8502070.0,3
4100542.0,2
4151579.0,5
4103635.0,3
4170462.0,18
4177003.0,7
8001640.0,2
4196123.0,6
2729.0,6
2527.0,7
4109910.0,1
4106940.0,2
4100004.0,5
4114967.0,11
4110259.0,14
4108154.0,1
4107947.0,13
4116822.0,11
4110220.0,3
4115020.0,4
9011583.0,1
4120476.0,2
4103777.0,3
9011510.0,1
4100090.0,19
4103396.0,2
12356.0,1
4102880.0,9
4101382.0,2
4130431.0,8
4114425.0,1
4116988.0,9
4150303.0,1
4199071.0,8
9006465.0,1
4114909.0,11
4120072.0,4
4119896.0,1
9001983.0,1
4130369.0,3
4176125.0,3
4117341.0,16
4114845.0,1
4179441.0,1
11193.0,1
4118333.0,2
2724.0,1
4117291.0,11
4112041.0,3
4118459.0,3
4197557.0,3
4110274.0,1
4120437.0,11
9008938.0,3
9009157.0,4
4116739.0,2
9987.0,1
4103297.0,1
4111904.0,2
4170948.0,2
4101982.0,1
4105255.0,4
4112192.0,1
4122902.0,2
4195533.0,3
9000556.0,3
4198680.0,6
4100578.0,2
4116811.0,39
9009851.0,2
2519.0,9
7101697.0,7
4105376.0,8
4119412.0,4
4117061.0,10
9008970.0,11
9009126.0,4
4179136.0,9
4110101.0,1
4101923.0,1
4115417.0,5
4118404.0,4
4199204.0,7
2726.0,4
4196106.0,1
4117393.0,1
4103781.0,2
8002144.0,6
4199597.0,8
4120050.0,2
4111877.0,5
4198967.0,4
4130511.0,3
4113327.0,6
4130331.0,5
4176757.0,2
9119120.0,4
1002.0,11
4117025.0,8
4100296.0,1
4196105.0,4
4150360.0,1
4175198.0,1
1509.0,4
4118429.0,2
9514254.0,1
9008558.0,1
4122348.0,5
4114375.0,4
4178739.0,4
1757.0,16
4103276.0,1
4111636.0,6
4119431.0,5
4102944.0,4
4171019.0,5
4105296.0,8
4151784.0,1
4170487.0,6
9954.0,14
4116622.0,3
4115111.0,6
4115108.0,1
4100703.0,9
9013133.0,2
4116432.0,13
4199628.0,12
4171017.0,2
4107277.0,1
8002073.0,1
4123448.0,9
4130189.0,3
4111639.0,6
4121606.0,2
4170957.0,8
4195037.0,5
4119251.0,2
4130085.0,9
4102853.0,5
4119775.0,1
4118482.0,3
4103538.0,3
4122085.0,2
4110193.0,2
71198.0,2
153.0,9
4107900.0,4
4110438.0,1
4176446.0,2
4111788.0,1
4150298.0,3
1032.0,12
8502232.0,1
4105.0,2
4170408.0,7
4115480.0,8
4105266.0,5
4116968.0,1
4100382.0,3
72593.0,1
4150341.0,4
4179162.0,3
7479.0,1
4100786.0,1
9108233.0,2
75152.0,1
9032823.0,1
4119314.0,3
60282.0,1
9005432.0,2
9130064.0,2
4179016.0,2
9009829.0,3
9031062.0,1
9031049.0,1
9009095.0,1
4107608.0,1
9012927.0,3
4111246.0,1
4122403.0,1
411.0,3
4170300.0,2
4178722.0,2
4178288.0,1
4111692.0,9
1501.0,6
4171386.0,2
4119324.0,1
4103206.0,1
4116627.0,1
4117324.0,8
75919.0,1
4110166.0,3
4111864.0,12
4103787.0,5
9002633.0,2
4105976.0,1
1909.0,1
4105478.0,1
4119175.0,2
417.0,5
72976.0,1
4107294.0,2
4195497.0,3
4119312.0,1
4103696.0,2
9010767.0,1
9035842.0,5
4150245.0,4
4121436.0,1
4114848.0,6
4113778.0,4
4109877.0,1
4102811.0,11
4111673.0,1
4101353.0,1
4106657.0,2
4100505.0,4
4175725.0,1
4105311.0,7
4176110.0,7
4111739.0,16
4107875.0,7
4118296.0,1
9004565.0,1
8000652.0,4
9195995.0,2
4151564.0,1
4117343.0,3
4150141.0,10
9011283.0,1
4111709.0,2
9005436.0,1
4103546.0,1
4151572.0,2
4116999.0,4
72605.0,3
4110672.0,6
10007.0,1
4176314.0,11
4113972.0,3
4171009.0,2
4160394.0,1
8004.0,1
4100519.0,1
4195698.0,7
4118538.0,1
4109831.0,1
4178329.0,3
416.0,1
2744.0,6
71047.0,1
313.0,2
4150269.0,5
4176155.0,1
4150125.0,9
4199432.0,15
4101346.0,2
4176773.0,5
4101092.0,1
2802530.0,1
2802546.0,1
4150247.0,8
4130095.0,2
11744.0,1
4112493.0,2
4160325.0,1
4116231.0,2
4195025.0,1
4150118.0,6
9179335.0,4
4151562.0,3
4102543.0,1
4105729.0,1
4121541.0,1
4122915.0,1
9307.0,2
4198814.0,2
8607.0,2
4150172.0,18
9033712.0,1
4115105.0,5
9008562.0,1
74429.0,1
4199433.0,10
9036837.0,6
9002552.0,1
9036300.0,2
1951.0,1
4118553.0,1
4151576.0,2
1801.0,9
4100688.0,3
4136065.0,1
4114320.0,2
4101878.0,3
4195060.0,6
4101431.0,2
4101448.0,2
4118557.0,3
4116990.0,3
4123728.0,5
9134891.0,1
4114341.0,4
4117294.0,8
4119381.0,3
2802567.0,1
1884.0,2
4116319.0,6
4122787.0,9
1879.0,2
4107805.0,3
4100506.0,4
4511.0,6
8874.0,3
4110057.0,1
1823.0,2
4199057.0,2
4179181.0,1
10700.0,2
4103564.0,4
4151542.0,8
4105614.0,1
4150200.0,14
75935.0,3
4135687.0,1
4199818.0,4
4196076.0,3
4115030.0,1
4117313.0,1
8002240.0,1
4199339.0,5
4195440.0,1
4110406.0,1
4197693.0,1
11245.0,1
2544.0,3
4116396.0,15
4105210.0,1
4102168.0,1
4135028.0,3
4105326.0,1
2733.0,10
4106956.0,1
4106957.0,1
9007931.0,1
76635.0,1
233.0,10
4123664.0,10
4116567.0,2
4116619.0,1
1880.0,4
4199182.0,2
9000211.0,1
2816.0,7
9232745.0,2
2752.0,4
4102533.0,1
4123269.0,1
4110061.0,3
9118402.0,2
4106934.0,4
4117020.0,3
4100528.0,9
4178615.0,4
10494.0,1
4106822.0,2
2736.0,6
9002129.0,2
4103240.0,3
4135043.0,7
8001785.0,3
2722.0,3
10441.0,1
236.0,14
4110199.0,1
4120447.0,1
4110173.0,4
4111914.0,3
4512.0,8
4150594.0,5
4111853.0,2
4199045.0,2
8502099.0,1
7773.0,1
4103503.0,1
4112122.0,1
4121870.0,2
4103258.0,8
4178214.0,6
4120511.0,12
4118191.0,1
4101369.0,7
4176641.0,5
4110389.0,2
4197561.0,1
4119944.0,3
203.0,14
4151555.0,1
4101438.0,5
4179287.0,1
4199044.0,2
9000858.0,4
4110278.0,5
4106954.0,1
4100017.0,12
4103576.0,1
4196061.0,5
10765.0,11
4107669.0,1
70971.0,2
4101521.0,3
8002166.0,1
4176603.0,1
4135069.0,3
70981.0,2
4121392.0,2
4130348.0,2
4103809.0,3
75748.0,1
4117240.0,8
4176612.0,2
8501577.0,2
8000303.0,1
4112077.0,2
4176102.0,6
4122346.0,1
4179284.0,1
4199599.0,6
4121366.0,4
4123606.0,1
9117424.0,4
4103812.0,9
4176814.0,2
9012633.0,1
4103684.0,1
4102923.0,2
4121811.0,1
4107002.0,1
9000355.0,1
4102907.0,6
4199695.0,6
8003177.0,1
4103731.0,1
4179208.0,1
3210.0,2
1408.0,3
4110029.0,1
4108420.0,5
4176566.0,5
4110116.0,7
4199770.0,3
4199076.0,1
4103634.0,4
4122406.0,1
4103522.0,12
231.0,14
32723.0,2
4106851.0,1
8002379.0,3
4110878.0,1
4102922.0,6
4117383.0,2
4120046.0,2
4197689.0,8
9000851.0,2
4107616.0,2
4103367.0,2
9008911.0,1
4119367.0,3
4170723.0,6
4105290.0,1
71046.0,1
8501277.0,2
4112211.0,4
4112257.0,1
9000930.0,1
4103611.0,1
4108210.0,4
4170857.0,2
4100665.0,4
4105915.0,2
4117445.0,2
4106859.0,2
4170111.0,18
10593.0,3
10503.0,3
4150472.0,1
4116510.0,3
4150238.0,2
4178980.0,1
72081.0,4
4179210.0,3
4101418.0,1
4179192.0,5
4176308.0,10
4130328.0,6
8501016.0,1
4122625.0,1
4100079.0,6
9117052.0,3
4199850.0,5
4116585.0,2
4103668.0,2
4178483.0,1
4112040.0,1
9033992.0,1
4103461.0,2
4196921.0,1
4150249.0,1
4102919.0,4
4176905.0,1
4160233.0,8
4107919.0,10
4110164.0,2
4195720.0,1
4119667.0,7
70756.0,2
4119408.0,1
9004372.0,6
9104378.0,1
1821.0,4
4116908.0,11
4130325.0,4
4103515.0,6
4107258.0,1
4111716.0,2
4130374.0,2
4110248.0,1
4101695.0,1
1815.0,2
4110165.0,1
4119153.0,4
9168.0,1
4136466.0,4
9197722.0,1
4107125.0,3
4118441.0,1
4103614.0,1
70752.0,1
9003718.0,1
4176461.0,2
4199907.0,3
4100044.0,2
70071.0,1
4110109.0,1
4117837.0,4
4118401.0,2
4170687.0,1
4110504.0,2
4114961.0,1
4170053.0,1
4117127.0,2
8003058.0,2
8001028.0,1
8001264.0,4
4130420.0,8
4119040.0,1
4199881.0,1
4103805.0,1
4111727.0,2
71355.0,3
4170036.0,4
7103109.0,1
4199197.0,3
4102047.0,5
4110420.0,1
9197547.0,5
4179258.0,1
4107920.0,5
2629.0,1
8001573.0,1
4107069.0,3
4115090.0,1
4115069.0,1
9005545.0,2
11219.0,1
4120033.0,2
4112053.0,3
4121988.0,7
10360.0,1
1284.0,2
205.0,5
4197540.0,1
9006848.0,3
4118274.0,2
9004031.0,2
323.0,4
4130342.0,10
4130115.0,4
9179350.0,4
4170327.0,2
4120456.0,7
4101932.0,1
9012815.0,2
9002701.0,2
72579.0,1
9010846.0,1
4160214.0,6
4103650.0,5
12040.0,2
9010329.0,3
4176132.0,4
4118371.0,6
4103599.0,1
4102935.0,9
4195059.0,2
4102084.0,1
72419.0,1
4102910.0,13
4105282.0,1
4150358.0,2
4102920.0,5
4107035.0,2
4117447.0,1
9011320.0,1
9104372.0,1
4179434.0,1
9199422.0,7
4170517.0,10
206.0,3
4501.0,3
4119958.0,1
4100642.0,8
4119963.0,1
8501984.0,1
9006346.0,3
9009036.0,2
7103440.0,3
4105239.0,2
4112389.0,1
328.0,3
4130283.0,9
4130326.0,2
4115546.0,1
4199061.0,2
4170912.0,3
8001614.0,1
8502228.0,1
8502230.0,2
4115189.0,9
4101995.0,2
4105254.0,1
4103460.0,2
5050060.0,1
9008569.0,1
4118315.0,5
4118561.0,4
4199694.0,2
4160221.0,3
4116398.0,2
4199824.0,6
2550.0,2
2560.0,1
9003822.0,3
4150252.0,2
4117338.0,8
9103389.0,1
4117215.0,1
4102945.0,14
4118186.0,1
4119300.0,3
4170242.0,1
4121994.0,2
4111854.0,8
4196189.0,6
4117639.0,2
4196073.0,5
4100594.0,4
4103811.0,3
4101788.0,1
4117573.0,1
4100598.0,7
4117897.0,2
4105281.0,1
4102899.0,1
4122789.0,5
8502229.0,1
8501260.0,1
9010342.0,1
4179237.0,7
4101420.0,1
4101419.0,2
4100149.0,7
4160297.0,3
4122911.0,1
4122355.0,2
4102152.0,2
2623.0,3
4103703.0,3
4504.0,3
9176447.0,3
2525.0,2
11732.0,1
4176122.0,4
4170967.0,2
4150347.0,7
4118560.0,3
4150180.0,3
4116725.0,2
8120.0,4
2641.0,4
4115057.0,11
4117307.0,6
4107638.0,1
4103697.0,1
423.0,8
4176324.0,12
4111631.0,15
8502018.0,1
75760.0,3
4170935.0,3
1905.0,2
8502221.0,2
4160243.0,3
4117019.0,2
4115160.0,3
4105201.0,1
4103541.0,1
9002855.0,3
4101978.0,8
7102092.0,4
4176912.0,1
4111675.0,2
4115905.0,1
4160317.0,4
4199423.0,2
4111684.0,2
4176587.0,4
4118327.0,1
4130339.0,3
4110117.0,7
4170822.0,5
4116748.0,3
4160217.0,3
4102937.0,2
8288.0,1
4116685.0,4
4100428.0,3
4101200.0,1
4119144.0,2
4107124.0,4
9034505.0,1
4118574.0,1
320.0,4
2630.0,2
9002700.0,3
75209.0,1
75229.0,1
4116597.0,3
9000548.0,1
4119436.0,1
9635.0,2
4176112.0,3
4103554.0,8
4107041.0,3
4103746.0,1
4115436.0,1
4118483.0,1
4150190.0,1
4105284.0,1
4107079.0,3
4176810.0,1
4196107.0,4
9110078.0,2
4130267.0,1
4199449.0,3
9003447.0,2
4160238.0,2
4103530.0,5
4105298.0,5
9036874.0,1
4117858.0,1
4179134.0,1
4100614.0,4
4119617.0,1
4111773.0,1
4111781.0,1
4196050.0,5
4150270.0,4
8001788.0,1
4103807.0,5
4178789.0,1
9034950.0,1
4198938.0,1
4115107.0,6
4122286.0,1
9176314.0,2
9011069.0,1
9036553.0,1
4112368.0,2
4176105.0,1
9110609.0,1
9007442.0,1
4116572.0,3
4120978.0,4
4176913.0,1
4102897.0,4
4113334.0,5
4107241.0,1
9176398.0,6
4196067.0,5
1507.0,2
9012771.0,1
11926.0,2
9009306.0,1
4103127.0,1
311.0,7
4103621.0,3
8000356.0,7
9274.0,6
4111779.0,3
4100694.0,1
4105259.0,3
4176141.0,2
158.0,6
4119950.0,8
74913.0,6
4176850.0,2
4110174.0,1
9006340.0,4
4122166.0,4
4116557.0,1
8501726.0,2
70779.0,1
11461.0,1
70631.0,1
9000127.0,1
2515.0,4
9012790.0,1
4176967.0,2
4103769.0,2
1906.0,1
9109775.0,1
4101758.0,1
4117335.0,8
4177002.0,6
4107061.0,1
4176460.0,9
7387.0,1
4116623.0,2
4101560.0,5
4122352.0,2
9150139.0,1
4135090.0,1
4106958.0,3
71096.0,1
9001925.0,2
4199856.0,1
4119416.0,2
8501980.0,1
9003468.0,1
4100522.0,1
9000854.0,2
71865.0,2
8601362.0,3
4110157.0,3
4111682.0,1
4114359.0,1
9013131.0,1
4176351.0,1
4119647.0,1
2802893.0,1
4107881.0,1
4118402.0,5
9009684.0,1
4160042.0,4
4101784.0,1
4195870.0,1
4100240.0,1
4176843.0,8
1015.0,6
4122413.0,1
74927.0,1
4101597.0,1
4105776.0,2
4114397.0,1
9012293.0,1
157.0,3
4160206.0,1
9119057.0,2
71092.0,4
4170736.0,2
8839.0,1
4100492.0,1
4122169.0,13
74926.0,4
14502.0,4
13965.0,1
4113768.0,1
4118410.0,6
4103677.0,1
72454.0,1
4130279.0,1
75090.0,1
8798.0,2
4130163.0,1
4107922.0,1
9002751.0,1
4111950.0,1
9010992.0,4
7103116.0,4
9002652.0,1
4111989.0,1
4808.0,2
4121832.0,1
4199626.0,3
71095.0,1
4103693.0,1
1808.0,3
10120.0,1
10003.0,1
9034418.0,5
9034947.0,1
4110806.0,1
4105276.0,1
11443.0,1
9031465.0,2
12348.0,4
4135011.0,1
4119722.0,7
4100943.0,1
4103709.0,2
4178994.0,3
8680.0,2
4103552.0,1
4100725.0,2
4103521.0,1
4107281.0,1
4121517.0,1
9279.0,2
4130554.0,1
9033559.0,1
4117370.0,4
4117034.0,1
4130422.0,3
9001510.0,1
8796.0,5
71985.0,1
4102904.0,8
4179196.0,4
4108206.0,1
4102540.0,1
4135049.0,1
4110763.0,1
8001757.0,3
2620.0,1
4178975.0,7
4103512.0,1
4116565.0,2
4116667.0,5
4198432.0,1
4150376.0,2
4111293.0,1
4197119.0,1
4106634.0,1
4106561.0,4
4111939.0,2
4113325.0,8
4107564.0,1
4123044.0,1
9134196.0,2
4108074.0,3
4100588.0,1
4509.0,3
4103485.0,3
2753.0,4
4122784.0,1
9013851.0,1
4121326.0,6
4210.0,1
2622.0,4
4115240.0,1
2760.0,3
2813.0,8
4119298.0,2
4177323.0,2
4100150.0,1
8011.0,1
7937.0,1
4117457.0,3
4111725.0,6
71102.0,1
4173925.0,1
1504.0,7
4119952.0,1
9101848.0,2
1901.0,2
4135041.0,7
4115085.0,1
12361.0,3
4101566.0,1
4115119.0,1
4151574.0,1
4119054.0,3
4110232.0,1
4111913.0,5
9595.0,2
9012031.0,1
2737.0,5
4103487.0,3
4199369.0,3
4170294.0,1
4176319.0,2
4103767.0,1
8002114.0,1
7102060.0,2
4117895.0,2
4119422.0,3
4107923.0,4
4107954.0,2
4113777.0,3
4199185.0,3
72317.0,1
4103477.0,2
4117373.0,4
4122281.0,1
4117213.0,3
4195712.0,4
4101444.0,3
4103636.0,1
4199713.0,5
4170026.0,1
4118271.0,3
4118547.0,2
9000125.0,1
4119471.0,2
4100663.0,2
4176341.0,1
4150511.0,2
4118329.0,2
4171026.0,1
4199589.0,2
4176097.0,1
8515.0,3
4177426.0,1
4103814.0,3
4118297.0,3
4110046.0,2
4102874.0,1
4107694.0,1
4118322.0,1
4160379.0,3
4101884.0,13
4118432.0,2
4101488.0,1
4176751.0,1
4103741.0,1
4112549.0,4
70574.0,1
4111862.0,1
9012766.0,3
4107643.0,2
4179331.0,3
4119269.0,3
4199092.0,1
431.0,1
72521.0,1
4111919.0,14
9003816.0,1
4176142.0,3
4115042.0,2
4103557.0,7
9009408.0,1
4196104.0,1
4116270.0,4
4101319.0,1
9007623.0,1
9033550.0,4
4118571.0,3
4197112.0,7
4117422.0,1
1889.0,2
4107865.0,4
4123749.0,1
4130186.0,3
2645.0,1
4101425.0,3
4102028.0,1
4103456.0,1
4101439.0,1
4110159.0,2
4196036.0,1
4102867.0,5
4101432.0,5
8002428.0,3
4176921.0,1
4119338.0,1
9012644.0,1
4112152.0,2
4122364.0,2
4135939.0,2
4103824.0,1
2518.0,2
4111650.0,3
4111652.0,4
4195057.0,1
4119241.0,7
4112131.0,2
4116642.0,1
4119943.0,3
9008681.0,1
4100581.0,2
9002681.0,6
2538.0,1
4105771.0,2
4111857.0,2
9196634.0,1
8300561.0,1
4121770.0,4
4176211.0,1
4111680.0,4
4110396.0,2
4107028.0,1
60068.0,2
9000224.0,1
4196188.0,3
74917.0,2
4107173.0,1
9009604.0,1
9012505.0,3
4109210.0,1
9002682.0,1
9699.0,1
9034799.0,1
4103162.0,2
2805659.0,1
1881.0,2
4117385.0,5
9000122.0,1
4121309.0,2
4108033.0,1
9000917.0,3
9000791.0,1
4113663.0,2
9000846.0,2
4108136.0,4
4130320.0,1
4107613.0,1
9036100.0,1
4130023.0,2
9034954.0,2
4101284.0,1
4130508.0,7
4105251.0,1
4103820.0,2
4101529.0,5
9150160.0,2
4116989.0,1
4111783.0,1
4151604.0,3
8002121.0,3
4103529.0,1
4118509.0,1
8501503.0,1
4110114.0,4
9100166.0,1
8002273.0,3
4110154.0,2
4199532.0,1
4199985.0,2
4117377.0,2
4111910.0,1
4103324.0,1
4123451.0,1
8002636.0,2
4107051.0,2
76070.0,1
2547.0,2
4136468.0,5
4103659.0,1
4111729.0,1
4119044.0,2
4112354.0,1
4199627.0,4
4118204.0,2
4115146.0,2
9135957.0,1
4171018.0,5
4111656.0,1
9176941.0,2
4117305.0,1
4130352.0,5
4107066.0,2
4115121.0,1
9007147.0,2
4179195.0,3
4176410.0,1
4135086.0,2
4117214.0,3
4105364.0,1
4170862.0,5
4160374.0,8
4135337.0,1
4160046.0,1
4103560.0,4
4119266.0,1
9012483.0,3
8003084.0,1
4135057.0,6
9134653.0,1
8002524.0,1
72836.0,2
9613167.0,1
7103057.0,1
4119156.0,2
4110885.0,1
4130549.0,3
4103425.0,2
9752.0,1
4107837.0,1
9035958.0,4
10228.0,1
72619.0,1
4103505.0,3
2557.0,4
4119909.0,2
4135004.0,2
2561.0,1
4136263.0,1
9008694.0,2
9001056.0,2
4116884.0,6
4130292.0,1
9136732.0,1
9300.0,1
4105202.0,1
4105215.0,1
4121997.0,7
4130091.0,2
9011080.0,2
9012795.0,1
4119425.0,4
4110404.0,3
70938.0,1
4195996.0,2
4111757.0,1
4160351.0,5
4150346.0,2
4179128.0,3
4103818.0,2
4101507.0,3
8001086.0,1
9000128.0,2
4101376.0,1
4103374.0,1
4118281.0,1
4130235.0,1
4170334.0,3
4103719.0,3
4122365.0,1
4122341.0,1
4119693.0,1
4107048.0,1
4121768.0,2
4196089.0,3
209.0,3
4108211.0,2
4116683.0,6
4170516.0,5
4135726.0,1
4121826.0,1
4119391.0,3
4117353.0,2
9103813.0,3
4117160.0,1
72329.0,3
4116595.0,2
4176969.0,6
4116550.0,5
156.0,5
4179155.0,3
9007688.0,1
9034949.0,1
9003443.0,1
4121872.0,1
4109278.0,8
9032745.0,2
4170278.0,1
4130222.0,5
9326.0,1
4101055.0,1
1814.0,5
12270.0,1
2549.0,2
8501190.0,2
4170886.0,1
4102914.0,3
4130449.0,1
4130148.0,1
4100809.0,1
4130169.0,1
4170884.0,2
10784.0,2
4135725.0,2
4103509.0,2
4107117.0,1
4115008.0,1
4102.0,2
9002659.0,1
4103543.0,1
13091.0,1
4176087.0,1
4199567.0,1
4179018.0,2
4105736.0,1
4195728.0,1
4123388.0,1
9010949.0,1
9195697.0,6
9008363.0,1
4111665.0,1
4199414.0,1
4112332.0,3
4112238.0,2
4178948.0,3
9036136.0,1
8001639.0,1
4179166.0,3
4106818.0,1
71108.0,2
9012808.0,1
4174028.0,1
4102946.0,1
4160085.0,2
4115102.0,2
9003823.0,1
2728.0,2
4103718.0,3
4176885.0,1
4122432.0,1
4130551.0,11
4118386.0,1
4111909.0,3
4115948.0,1
4115251.0,1
2521.0,2
74920.0,2
4151642.0,3
75410.0,1
1014.0,2
8501048.0,1
4119340.0,1
9000254.0,1
9011250.0,2
4160260.0,3
4170648.0,1
9011097.0,3
4117237.0,2
4101532.0,6
9009519.0,1
4118341.0,1
4103163.0,5
421.0,7
9008272.0,1
4106852.0,2
9411.0,1
4179182.0,4
4107070.0,2
4103144.0,5
72585.0,2
4198875.0,2
4195589.0,1
4107859.0,1
8501903.0,1
73776.0,1
4196065.0,4
4117426.0,3
4178818.0,2
9816.0,2
4170027.0,1
4150156.0,1
9093.0,1
9009765.0,2
9004923.0,1
8794.0,3
9004030.0,1
9005289.0,1
4117482.0,1
4121642.0,1
4120807.0,2
4116108.0,3
4119809.0,2
1264.0,1
4170490.0,2
4176096.0,8
4199915.0,1
4178230.0,1
8501377.0,1
4110231.0,1
4110058.0,2
4123690.0,3
4135003.0,1
7103205.0,1
4118337.0,2
4109912.0,1
4102175.0,1
4116727.0,4
4119.0,3
4119295.0,2
4111780.0,1
72877.0,1
4118345.0,1
9013475.0,1
9034913.0,2
8002663.0,3
4105216.0,1
4105603.0,1
9195669.0,1
2533.0,3
2530.0,5
4110307.0,3
4103434.0,2
9103604.0,2
4199823.0,1
4150374.0,1
9006328.0,1
8902.0,1
9034951.0,1
4150191.0,1
4103690.0,1
5000010.0,1
2617.0,2
8000752.0,4
1816.0,2
4119016.0,1
12897.0,1
4116592.0,4
4117230.0,1
4116182.0,4
4100936.0,1
4100939.0,2
8501746.0,1
8001744.0,1
10762.0,3
9034653.0,1
8003079.0,1
4130453.0,2
4170518.0,1
9002069.0,3
4150468.0,1
4150244.0,2
9008746.0,1
337.0,2
4135108.0,3
4150175.0,7
9013953.0,1
4103616.0,3
4130553.0,2
75305.0,1
9011863.0,1
9602664.0,1
4105955.0,1
9010780.0,1
4130531.0,1
4110169.0,2
2625.0,2
8138.0,1
4106656.0,1
4117375.0,1
4122357.0,1
4122340.0,1
9009518.0,1
2741.0,2
4114484.0,2
4170268.0,4
7102363.0,1
409.0,3
4114057.0,2
9036130.0,1
9176455.0,4
9119264.0,1
4101921.0,2
4105268.0,2
4113987.0,2
4196109.0,3
4103660.0,1
8501747.0,1
4179309.0,1
9008161.0,3
73952.0,1
4109292.0,3
4113829.0,1
7102188.0,1
9033976.0,1
4119666.0,2
4101930.0,2
4119689.0,1
4199617.0,1
4117860.0,2
4110201.0,2
4110246.0,1
4111662.0,4
4170412.0,3
4118292.0,1
4103407.0,2
4179177.0,9
9606337.0,3
4319.0,4
4122910.0,1
9002559.0,2
9032692.0,1
4110176.0,1
8002387.0,1
4122350.0,1
4112494.0,1
4111764.0,2
11466.0,1
4107926.0,4
4119543.0,1
4102917.0,3
9103347.0,1
4199779.0,5
4179190.0,1
4110148.0,1
71357.0,1
4211.0,1
4130361.0,2
4117314.0,4
4115945.0,3
4119673.0,1
4101895.0,3
322.0,3
4178828.0,1
4117267.0,1
9170723.0,1
9120511.0,1
8501897.0,1
4116651.0,1
4115605.0,3
9115604.0,3
410.0,4
4115951.0,1
4109284.0,1
74922.0,2
4119825.0,2
1508.0,3
9924.0,1
4100632.0,3
4115075.0,1
4113255.0,3
4117177.0,1
4115096.0,1
4100634.0,1
4160112.0,1
9010708.0,1
4116694.0,2
72078.0,4
9009706.0,1
4122353.0,2
4107099.0,1
4100521.0,2
4115483.0,3
4111825.0,3
4102790.0,4
4176082.0,2
4213.0,1
4117245.0,3
4116941.0,4
9010372.0,1
4114983.0,1
4103721.0,1
4130234.0,1
4179318.0,1
9005370.0,2
4113312.0,1
4198933.0,1
72540.0,1
8002223.0,1
8001944.0,1
4160245.0,6
4117066.0,1
4105274.0,2
9176446.0,1
4102936.0,1
4111726.0,1
4310.0,4
4130167.0,1
4101492.0,1
1763.0,7
4202.0,1
4110127.0,1
4179230.0,2
4123654.0,1
4117342.0,3
9013930.0,2
4179461.0,1
8495.0,1
2739.0,2
4103658.0,2
8502082.0,1
8002832.0,1
9011392.0,1
418.0,4
8000261.0,1
4103783.0,1
4118244.0,1
4195438.0,3
4100303.0,1
4103526.0,3
4103717.0,1
8864.0,5
72250.0,2
4118350.0,1
2513.0,1
7101643.0,2
4114982.0,2
4130363.0,2
4179233.0,1
4150307.0,1
4106971.0,2
9150356.0,8
9001338.0,1
4103471.0,1
2611.0,2
4100533.0,2
9002750.0,1
4135055.0,4
4176759.0,2
4119121.0,1
4118474.0,2
4110677.0,1
9116230.0,2
4116362.0,12
8001667.0,3
4105695.0,1
4119351.0,4
4199609.0,1
4116637.0,3
4112028.0,2
4130365.0,1
4119195.0,2
4117382.0,4
9697.0,1
9002703.0,2
4102812.0,3
9012199.0,3
9009471.0,1
75928.0,1
73686.0,1
4199183.0,1
8001568.0,1
71190.0,1
4117244.0,1
7738.0,1
9030666.0,1
9013236.0,1
4112365.0,1
2802398.0,1
11811.0,1
7102010.0,1
4130550.0,3
4121942.0,1
4102832.0,1
4111803.0,2
4195020.0,2
9176842.0,2
4110167.0,3
315.0,3
4103657.0,1
4101487.0,1
4118500.0,1
76639.0,1
4197594.0,3
4100476.0,3
9005032.0,1
4196940.0,1
4117387.0,5
4119255.0,2
4179274.0,2
4121338.0,1
4118493.0,1
8502222.0,1
4150325.0,2
4130542.0,2
4176679.0,1
9008470.0,2
4179154.0,6
4160235.0,1
4179313.0,11
4114323.0,1
4105323.0,1
9003698.0,1
316.0,3
9008695.0,2
4198973.0,3
2802268.0,1
4121308.0,1
4103347.0,1
4179323.0,4
4119192.0,2
11174.0,1
4102838.0,1
4107641.0,3
8002180.0,1
1026.0,2
4179311.0,1
4111648.0,1
9010938.0,1
4150029.0,1
1950.0,2
4114081.0,3
72260.0,2
4111784.0,1
4122402.0,2
4122411.0,1
4118544.0,1
2802843.0,1
4112207.0,1
71869.0,1
4100952.0,1
4179460.0,1
4176962.0,1
4103437.0,1
75426.0,3
4150132.0,1
9000921.0,4
2805716.0,1
2802375.0,1
1886.0,1
1807.0,3
9008152.0,2
9008434.0,1
9011885.0,1
75126.0,1
4176955.0,6
9000429.0,1
4118143.0,1
4118860.0,1
4106837.0,1
74577.0,1
4199629.0,2
4101456.0,1
4105222.0,1
8392.0,1
4116430.0,2
4117429.0,1
9009325.0,1
4116363.0,3
4196855.0,1
4102887.0,2
9423.0,1
4103445.0,1
9002794.0,1
4116614.0,1
4103830.0,1
4128.0,3
4178617.0,3
4198961.0,3
9123013.0,3
4114984.0,1
4116840.0,1
4100944.0,2
7103688.0,2
4179312.0,1
4100434.0,1
4100486.0,3
4101.0,2
4101434.0,1
4103596.0,3
210.0,5
4119231.0,1
4119208.0,1
4100350.0,1
4176447.0,4
4150202.0,1
8502231.0,2
4116.0,4
4111733.0,3
4102173.0,2
8914.0,1
4179133.0,2
4118330.0,3
9034566.0,1
4130515.0,4
4117027.0,3
9034223.0,2
2801070.0,2
8000715.0,1
4135027.0,1
4123667.0,1
2759.0,3
4101579.0,3
9008780.0,3
9002859.0,2
74882.0,1
4115079.0,1
4123245.0,3
4101777.0,1
4198959.0,1
9005411.0,1
4118293.0,2
4105304.0,5
13020.0,2
2723.0,1
4179294.0,1
74813.0,1
4199778.0,2
8000365.0,1
4123695.0,2
4101843.0,3
9011471.0,1
8501136.0,2
4110133.0,4
8501285.0,1
8994.0,2
4178111.0,1
4178966.0,1
4121825.0,1
4116721.0,1
4103698.0,2
10792.0,1
4100602.0,5
4102104.0,1
4195036.0,5
4101069.0,1
4150328.0,2
8000990.0,1
4103320.0,1
3212.0,1
4103537.0,1
4195436.0,1
9002885.0,1
4170962.0,4
4176674.0,1
1001.0,4
4103402.0,1
4101881.0,1
4196195.0,1
9005454.0,1
15242.0,1
4130122.0,2
4177532.0,1
4178996.0,2
4170994.0,1
4100433.0,2
4122288.0,2
4130047.0,1
4100508.0,2
4100152.0,3
4118678.0,1
3125.0,1
4115907.0,1
4112047.0,2
2803403.0,2
4119897.0,3
4170802.0,4
4112370.0,1
4195608.0,3
109887.0,1
4103520.0,1
9103428.0,1
9670.0,1
4176904.0,1
4160268.0,3
9005683.0,2
8502218.0,1
4106866.0,1
9005932.0,1
8501895.0,1
4105225.0,2
9012931.0,1
4101416.0,2
4176104.0,2
9002860.0,1
4102170.0,1
4108320.0,1
4112198.0,3
4105207.0,1
9640.0,1
8503.0,2
4119064.0,1
4100697.0,1
2806215.0,1
7100027.0,1
4130183.0,2
4116624.0,1
4121987.0,1
4179132.0,1
2551.0,1
4197135.0,1
9226.0,1
8001419.0,1
4114352.0,5
4119268.0,1
4111630.0,3
4121492.0,1
4130080.0,3
4110305.0,2
4196537.0,2
72061.0,1
325.0,2
4112119.0,1
8000371.0,1
4103701.0,1
4121304.0,1
11614.0,1
2804851.0,1
9009186.0,2
2715.0,3
9008354.0,1
4197198.0,1
4102480.0,1
4118356.0,1
4179346.0,3
4100640.0,1
4115066.0,1
4179006.0,3
4135053.0,1
4199073.0,2
9178973.0,2
4130454.0,1
4118230.0,1
4111921.0,1
72109.0,1
9008679.0,2
72814.0,1
9110130.0,3
4119953.0,3
4103801.0,2
4119841.0,1
8501506.0,1
4120452.0,1
4112101.0,1
4103757.0,3
4178355.0,1
4176483.0,2
8501278.0,3
8002528.0,1
8912.0,1
9010511.0,1
9625.0,1
9036041.0,2
9008504.0,1
4176756.0,4
4150326.0,3
4115144.0,1
4196626.0,1
3205.0,2
4109326.0,1
4176372.0,1
4113780.0,1
9012694.0,1
4100320.0,3
4101694.0,1
9010946.0,1
4195097.0,1
4178853.0,3
7703.0,2
4101795.0,2
4116744.0,3
10746.0,2
4118451.0,1
4116737.0,4
72049.0,1
4107122.0,3
74915.0,1
4150131.0,1
4105370.0,1
4117792.0,2
79041.0,2
4101475.0,1
9009056.0,2
9035954.0,1
415.0,3
4160332.0,1
4160331.0,1
4171002.0,1
4120317.0,2
71206.0,1
4110134.0,1
9014530.0,1
4170199.0,1
4130288.0,1
9012723.0,2
4105650.0,2
4130.0,1
4117169.0,1
71099.0,2
4122339.0,1
72401.0,1
4119256.0,2
4131053.0,1
4103597.0,3
4114965.0,4
4130175.0,1
4109290.0,1
9035401.0,2
4103683.0,1
4170532.0,1
4199317.0,2
9001985.0,1
1216.0,1
4130555.0,1
4112147.0,1
4178212.0,1
4111589.0,1
4179143.0,3
4179127.0,3
4179246.0,2
4114454.0,1
75752.0,1
9035005.0,1
4118157.0,1
4123657.0,2
4107868.0,2
4108288.0,1
77296.0,2
4117310.0,3
9008946.0,1
4105250.0,1
4111672.0,2
4103399.0,1
8001612.0,1
4111852.0,2
4199363.0,1
72527.0,2
4130457.0,1
4199879.0,1
4174255.0,1
4121367.0,1
4112066.0,1
4102821.0,1
4116654.0,2
4121415.0,1
4100698.0,2
4103584.0,1
4100387.0,1
9011513.0,2
9007098.0,1
4195560.0,1
4119677.0,4
2801160.0,1
4179002.0,1
4179022.0,2
4103463.0,2
8001233.0,1
4179167.0,1
4179169.0,1
8582.0,1
4103598.0,2
4117659.0,1
4118523.0,1
4118395.0,2
9103201.0,2
4119899.0,1
8446.0,3
9033702.0,1
12905.0,1
4114893.0,1
74880.0,1
4103608.0,1
4118262.0,2
4112187.0,1
4100712.0,2
4100430.0,1
4199986.0,1
70755.0,3
4101598.0,1
4105633.0,2
4116781.0,1
4102849.0,1
4121929.0,1
4118283.0,2
2803229.0,1
2802928.0,1
75466.0,1
1018.0,2
4107604.0,1
4150311.0,1
4119472.0,1
3120.0,1
4111635.0,3
8001535.0,2
72252.0,1
4170838.0,1
4102294.0,1
9004617.0,1
4130497.0,6
9846.0,2
9860.0,2
75840.0,1
4103532.0,1
4177362.0,1
4103673.0,1
4170655.0,1
4102136.0,1
9004381.0,1
4196862.0,1
2801890.0,1
4100590.0,1
8500.0,1
2801649.0,1
9679.0,1
9009654.0,1
4176975.0,7
4107958.0,3
4170543.0,1
4110178.0,1
4199198.0,1
8501200.0,1
10048.0,1
8002147.0,1
72582.0,1
11367.0,1
4113825.0,1
4100641.0,2
4197717.0,2
4110170.0,2
4114951.0,4
4176462.0,1
4100715.0,1
4116738.0,1
4117225.0,1
9009614.0,1
4103655.0,3
4179341.0,1
4100494.0,6
9011466.0,1
4196924.0,1
4130162.0,1
4101286.0,1
9001958.0,1
9003531.0,1
4101440.0,2
4101620.0,1
4103723.0,2
8501887.0,1
4103724.0,1
4103730.0,1
2806670.0,1
4113978.0,1
4150306.0,3
4150127.0,4
4116316.0,3
1323.0,1
4118391.0,2
4195013.0,2
4110784.0,1
8890.0,2
4117901.0,1
4117906.0,1
4130338.0,1
4100400.0,1
2801493.0,1
2801628.0,1
2801619.0,1
4117413.0,1
4116823.0,1
4116538.0,2
4130548.0,1
4197003.0,1
4122305.0,2
4115238.0,1
4121982.0,1
4123014.0,1
4112046.0,1
11433.0,1
2720.0,2
341.0,2
4110421.0,2
4110035.0,1
9036814.0,1
9135401.0,1
9118288.0,2
4100654.0,2
4130204.0,1
4130098.0,1
4123685.0,1
9196637.0,3
4116626.0,1
4121327.0,2
4176111.0,4
4101260.0,1
4102978.0,1
4103005.0,1
4130294.0,1
4170775.0,1
4117363.0,1
4103125.0,1
4179217.0,1
4116315.0,1
4130343.0,2
4110195.0,1
72795.0,1
72076.0,1
8002175.0,1
12232.0,1
9010891.0,1
4178956.0,3
1265.0,3
4120519.0,1
9012541.0,1
4115169.0,1
72782.0,3
4110253.0,1
9004613.0,1
4102149.0,1
4103400.0,1
4107635.0,1
4123432.0,1
4199314.0,1
4103826.0,1
2642.0,2
4197332.0,3
9681.0,1
9117632.0,1
4120045.0,1
4112181.0,1
1505.0,2
9002831.0,1
4198934.0,1
4150557.0,1
2512.0,1
9002800.0,1
4112146.0,2
4116645.0,1
4135091.0,2
4114991.0,3
9012768.0,1
4101890.0,1
9000925.0,2
75143.0,1
9003315.0,1
4119370.0,1
4122603.0,1
4119373.0,1
4196074.0,1
2803807.0,1
4150645.0,1
4135806.0,1
4130496.0,1
8501885.0,1
33066.0,1
72842.0,2
72799.0,1
4116603.0,2
2825.0,2
4113630.0,1
4170959.0,2
7102467.0,1
4179352.0,1
9113373.0,1
9007083.0,1
74700.0,2
9002131.0,2
4118485.0,1
4121364.0,3
4116650.0,1
9737.0,2
9007951.0,1
9011623.0,1
9032153.0,1
4131049.0,1
4131048.0,1
9935.0,1
4101468.0,1
4107528.0,1
9008561.0,1
4176130.0,1
4103750.0,1
9001859.0,1
4119607.0,1
4101424.0,4
4171747.0,1
4120478.0,1
4118347.0,1
4118369.0,1
4196035.0,1
2800166.0,1
70882.0,1
4116264.0,1
75290.0,1
9011050.0,1
4179137.0,1
9012961.0,1
60015.0,1
4171001.0,3
2804418.0,1
2802598.0,1
4112353.0,1
4130171.0,2
4170397.0,1
4113576.0,2
9956.0,1
4116736.0,5
4130345.0,2
4179206.0,1
4112361.0,2
4150340.0,1
4117854.0,1
4107952.0,2
4111689.0,1
4115073.0,4
10536.0,1
2526.0,1
9010807.0,1
2802774.0,1
4179216.0,1
4177363.0,1
4107295.0,1
4101997.0,2
9011861.0,1
9011198.0,1
4170951.0,1
2801176.0,1
4117428.0,1
4176511.0,6
4135526.0,2
4123447.0,3
4130203.0,2
10734.0,1
4160205.0,2
4116564.0,1
75378.0,1
72028.0,1
9008782.0,1
4195900.0,2
4122750.0,1
4178869.0,1
4176596.0,1
9136640.0,1
9009133.0,2
4150337.0,1
4108058.0,3
9007672.0,1
4110026.0,1
4118513.0,1
4116783.0,2
9009865.0,1
14571.0,1
9117879.0,2
9012696.0,1
4116549.0,1
73773.0,1
8002108.0,1
4708.0,2
4119246.0,1
4105262.0,2
4130330.0,1
4195030.0,1
4116199.0,1
9000073.0,1
4111669.0,1
4197333.0,2
3137.0,1
4195791.0,1
9010748.0,1
8501549.0,1
9012719.0,1
4116578.0,2
4199769.0,1
72992.0,2
4110251.0,2
4112367.0,1
70592.0,1
73938.0,1
4197017.0,1
9012948.0,2
72411.0,1
4101875.0,1
9110518.0,1
4108290.0,1
9010363.0,1
4117243.0,2
4122161.0,1
4113986.0,2
4103585.0,1
2801387.0,1
4118521.0,1
9002127.0,1
9636137.0,2
9002636.0,1
4119638.0,1
4118261.0,1
8801.0,1
8964.0,2
4195042.0,1
4116646.0,1
4123609.0,2
74621.0,1
9000912.0,1
9121363.0,1
9656.0,3
4103762.0,1
4117014.0,1
4102160.0,1
9175623.0,1
4135450.0,1
4117399.0,2
8501592.0,1
4112112.0,3
9006069.0,1
2713.0,2
4110668.0,1
74932.0,2
4117853.0,1
4117848.0,1
8001649.0,1
8001747.0,2
4105257.0,1
4103488.0,1
9034337.0,1
9035019.0,2
4117798.0,1
4111859.0,2
72315.0,1
4119057.0,2
75151.0,1
70665.0,2
8478.0,1
8002604.0,1
4199381.0,2
4177273.0,1
4109421.0,1
10634.0,1
4123665.0,1
4176564.0,1
71282.0,1
9001996.0,1
4170997.0,2
4179238.0,1
4122212.0,1
4115004.0,1
9100504.0,1
8501943.0,1
4122901.0,1
76621.0,1
4106933.0,1
10529.0,2
4197714.0,2
1511.0,2
72151.0,1
4177365.0,1
2800943.0,1
2803398.0,1
4150240.0,2
8000278.0,1
4118569.0,2
4103480.0,1
4119270.0,1
4103808.0,1
4103406.0,2
4170418.0,1
4103626.0,1
4150494.0,1
4110151.0,1
4176940.0,2
4170361.0,1
9008872.0,2
4101847.0,1
4103751.0,1
2539.0,1
9000072.0,1
4176821.0,1
4150299.0,1
4199437.0,1
4108.0,1
4103686.0,1
4177000.0,1
2801948.0,1
4103472.0,1
4117017.0,1
4117298.0,2
4176121.0,1
4103581.0,2
4107921.0,2
73875.0,1
4178940.0,1
4117272.0,3
4150110.0,1
4197202.0,2
9113835.0,2
336.0,1
9001569.0,1
4120804.0,1
4170998.0,1
4119028.0,1
4131041.0,2
4119724.0,1
4106821.0,1
4117004.0,3
4116629.0,2
2648.0,2
4113338.0,1
8502267.0,1
14750.0,1
4107039.0,1
4199929.0,1
4170691.0,1
4119201.0,2
4130481.0,1
4118476.0,1
10524.0,1
4118259.0,1
4100551.0,1
4105353.0,1
4103342.0,2
8002848.0,1
12404.0,1
9036816.0,1
8502233.0,1
9002653.0,1
9003811.0,1
4119199.0,1
4103558.0,3
8500000.0,3
4110031.0,1
9000416.0,1
74604.0,2
2716.0,1
4170055.0,1
4119303.0,1
4111341.0,1
8977.0,3
4178886.0,1
2802735.0,1
9008479.0,1
8002146.0,2
9008415.0,1
8002148.0,2
4110183.0,1
4115187.0,4
4195502.0,1
4115906.0,2
72079.0,1
4119060.0,1
9008627.0,1
4110277.0,2
9006435.0,2
9012926.0,1
8000635.0,1
9010208.0,2
9010080.0,1
75535.0,1
70792.0,1
4130269.0,1
11230.0,1
4160016.0,1
7103067.0,1
9007838.0,1
4196030.0,1
10730.0,2
4101619.0,1
4115482.0,1
8001695.0,1
4100770.0,1
4107630.0,2
4130455.0,1
4199909.0,1
4177325.0,1
4103528.0,1
9004386.0,1
4107273.0,1
70751.0,1
72487.0,1
7000186.0,1
4107050.0,1
4121350.0,1
4102756.0,1
9638.0,2
4116472.0,1
4113807.0,1
9011667.0,1
9012549.0,1
9009123.0,1
2555.0,1
4112054.0,1
4122900.0,2
4105265.0,1
4105261.0,1
4130324.0,1
4102891.0,1
4103702.0,1
4196117.0,1
72492.0,1
4116554.0,1
4103458.0,3
2805647.0,1
4150267.0,2
8501276.0,1
4114772.0,1
3113.0,1
1203.0,1
4116702.0,3
4130346.0,2
9012691.0,1
4178232.0,1
4178988.0,1
4130535.0,1
4112057.0,1
5050088.0,1
5000090.0,1
4103411.0,1
4197542.0,1
4117898.0,1
4199416.0,1
4103679.0,2
4110147.0,1
4102807.0,1
4117351.0,1
9003438.0,1
9136528.0,1
9012585.0,1
9553.0,1
9535.0,1
4103837.0,1
4114768.0,1
3218.0,1
4100586.0,1
2731.0,5
4108180.0,3
9009120.0,1
1888.0,1
4103376.0,2
71353.0,1
4179306.0,1
10843.0,1
74012.0,1
4103527.0,1
2543.0,2
4102909.0,1
4100457.0,2
9036129.0,1
4130362.0,1
4150268.0,3
4107852.0,1
4102809.0,1
4196622.0,1
4208.0,1
4176137.0,1
9010770.0,2
9010127.0,2
8003055.0,2
4195400.0,1
9013827.0,2
4122792.0,1
9003187.0,1
8002155.0,3
4122.0,2
4119154.0,1
4123495.0,2
4170395.0,2
4123498.0,1
4103766.0,2
9002706.0,1
4112540.0,1
4112261.0,1
4119267.0,1
4130219.0,1
4123394.0,1
4118260.0,1
7452.0,1
9005395.0,1
9002722.0,1
8501462.0,2
4115317.0,1
2514.0,1
16118.0,1
9643.0,1
9008286.0,1
11958.0,2
4179379.0,1
9012659.0,1
4113398.0,1
10290.0,1
4100332.0,1
9707.0,1
9779.0,1
10625.0,1
4116577.0,1
9006847.0,1
9000926.0,1
4105263.0,2
4102859.0,1
4179013.0,1
9001982.0,1
9007115.0,1
4111774.0,1
9968.0,1
8501341.0,1
9636235.0,1
4101891.0,1
4110408.0,2
4110282.0,2
4195011.0,2
4103624.0,1
4173967.0,1
4100438.0,1
4203.0,3
4103265.0,1
4130379.0,1
4119249.0,1
4103281.0,1
71623.0,1
4112188.0,1
4111798.0,2
9231.0,1
4160026.0,2
9447.0,1
4116703.0,1
4118198.0,2
9011048.0,1
9036932.0,1
4115241.0,1
9012350.0,1
9010850.0,1
9036126.0,1
70941.0,1
9034298.0,2
10264.0,1
9012174.0,1
9006481.0,1
4118565.0,2
4116655.0,3
4121322.0,1
4130532.0,1
4170015.0,1
4807.0,1
4196835.0,1
4122320.0,1
8501909.0,1
2628.0,1
4100773.0,1
9000107.0,1
9000100.0,1
4122327.0,1
4118370.0,1
4122635.0,1
4196966.0,1
4150651.0,1
4199156.0,1
9001509.0,1
9476.0,1
4173897.0,1
4100739.0,2
4116458.0,1
4170002.0,1
4176143.0,1
4103353.0,1
4101841.0,1
1405.0,1
4179345.0,1
8001764.0,1
4103549.0,2
4123581.0,1
4204.0,2
4115910.0,1
4107632.0,1
9122983.0,1
4103868.0,1
4123012.0,1
8502272.0,1
10614.0,1
4197421.0,1
4160388.0,3
9011146.0,1
4103373.0,1
4108423.0,1
4113573.0,1
4130443.0,1
4176145.0,1
7891.0,1
9011306.0,1
4100395.0,1
4160384.0,1
4171235.0,1
4178536.0,1
4122101.0,1
4117855.0,1
4110198.0,1
4150152.0,3
4102184.0,2
7620.0,1
9034376.0,1
8501471.0,1
4115058.0,1
4176609.0,1
4116184.0,1
2801690.0,1
72891.0,1
2800670.0,1
3118.0,1
4111659.0,1
4123670.0,1
4118457.0,3
4123589.0,1
4119386.0,3
9034007.0,1
8587.0,1
4197543.0,1
4103578.0,1
9009907.0,1
4110185.0,1
4107853.0,1
4100137.0,3
4100223.0,1
4113477.0,2
4114059.0,2
4196507.0,1
4107318.0,1
9013852.0,1
9814.0,1
2529.0,2
4119363.0,2
4106885.0,1
9007126.0,1
4176599.0,1
4712.0,1
1954.0,1
4100731.0,1
4105272.0,1
4116723.0,1
4179227.0,1
74749.0,1
2806527.0,1
3126.0,2
2803810.0,1
4160099.0,2
4122210.0,1
1206.0,1
4100520.0,1
9606338.0,1
9003815.0,1
4176124.0,1
4160333.0,1
7103321.0,1
9105370.0,1
4118165.0,1
10202.0,1
9010700.0,2
4101197.0,1
4130221.0,1
9007473.0,1
4150560.0,1
1955.0,1
4118550.0,3
8818.0,1
8002113.0,1
9107602.0,1
4160383.0,1
9004568.0,1
4150263.0,1
4117172.0,1
4119683.0,1
9013865.0,2
70669.0,1
4103674.0,1
4198639.0,1
4102336.0,1
4117229.0,2
4103299.0,1
4118399.0,1
4195012.0,1
4195005.0,1
4195007.0,1
4102942.0,1
4119780.0,1
9135842.0,1
9001999.0,1
4111703.0,1
4121376.0,1
70653.0,1
9119116.0,1
4151646.0,1
4101391.0,1
4106961.0,1
4116542.0,1
4170043.0,1
72501.0,1
9008967.0,1
9012745.0,1
4170528.0,2
4176922.0,1
9119737.0,1
4150304.0,1
4176610.0,1
9196865.0,1
73202.0,1
7951.0,1
9010662.0,1
4150377.0,1
8001763.0,1
12244.0,1
4119387.0,1
8002582.0,1
4195885.0,2
9006599.0,2
4105765.0,1
4114955.0,1
9007662.0,1
4119169.0,2
9100165.0,1
4116267.0,2
4170713.0,1
4102139.0,3
4102321.0,1
4103813.0,1
4114765.0,1
2730.0,2
4178970.0,1
4150272.0,1
4122613.0,1
75144.0,1
4111762.0,2
9010735.0,1
4135054.0,1
4119433.0,1
15494.0,1
1822.0,1
9012765.0,1
4122347.0,2
4117407.0,4
9176308.0,1
9004275.0,1
4105345.0,1
4102066.0,1
4109680.0,1
4116647.0,1
9012509.0,1
8448.0,1
4110095.0,1
9100.0,1
4107342.0,1
4100432.0,1
4122098.0,1
4108302.0,1
4119236.0,1
2803402.0,1
4195176.0,1
16119.0,1
4107631.0,2
4119058.0,1
11029.0,1
9000134.0,1
9034082.0,1
74992.0,1
171985.0,1
8002271.0,1
4102093.0,1
9178975.0,1
4176884.0,1
4103475.0,2
4199884.0,1
9113487.0,1
4130193.0,1
7101808.0,2
4151569.0,1
4100523.0,3
4114978.0,1
4117632.0,1
4117645.0,1
4130513.0,1
4135682.0,1
4199821.0,1
15241.0,1
4100480.0,1
9000236.0,1
4118489.0,1
9011993.0,1
4100510.0,2
4111678.0,1
4199509.0,1
9002123.0,1
9010317.0,1
9009736.0,1
4114985.0,1
4119692.0,2
4122026.0,1
9034956.0,1
4102813.0,1
4116513.0,2
73169.0,1
75428.0,1
71319.0,1
4196131.0,2
10646.0,1
71347.0,1
9010239.0,1
4130022.0,1
4175623.0,1
4173870.0,1
4150220.0,1
4118498.0,1
9013881.0,1
9636755.0,1
7514.0,1
4176099.0,2
12378.0,1
9011836.0,1
13116.0,1
4171388.0,1
2802959.0,1
7102625.0,1
75340.0,1
9667.0,1
4101919.0,1
2801040.0,1
4118567.0,1
4116706.0,2
4198966.0,1
4119964.0,1
4118247.0,1
9004244.0,1
4174634.0,1
9112644.0,1
9010284.0,1
60031.0,1
9410.0,1
4116594.0,1
4115663.0,1
4121984.0,2
2801438.0,1
9013947.0,1
4115954.0,1
4101980.0,1
4102075.0,1
7102617.0,2
8001762.0,1
4107839.0,1
4103296.0,1
4102145.0,1
4117222.0,2
9034822.0,1
4103250.0,1
9008680.0,1
4115077.0,1
9034299.0,2
4103682.0,1
8000991.0,2
4105367.0,1
72331.0,1
4103427.0,1
4178076.0,1
9195036.0,1
4122654.0,1
4174167.0,1
4174131.0,1
4111724.0,1
4107686.0,1
4197019.0,1
4179329.0,1
9010585.0,1
9005408.0,2
4111979.0,1
4107074.0,1
9170291.0,1
4109413.0,1
4119443.0,1
4176914.0,1
4113779.0,1
4118344.0,1
4176537.0,1
9000235.0,1
9007617.0,1
4100326.0,1
11213.0,1
11759.0,1
9036131.0,1
9887.0,1
9008463.0,1
4104014.0,1
4100912.0,1
173869.0,1
4119568.0,1
8001829.0,1
4117013.0,1
9033354.0,1
4123443.0,1
4122283.0,3
4115322.0,2
4135334.0,1
4117248.0,1
4177069.0,1
4121433.0,1
4176694.0,1
4176399.0,1
4174411.0,1
75353.0,1
4130196.0,1
4106948.0,1
4101068.0,1
7101785.0,1
8001626.0,1
9002930.0,1
8501633.0,1
4112382.0,1
4513.0,1
4196522.0,1
76079.0,1
2554.0,2
4109195.0,1
4103535.0,1
4113781.0,1
4160229.0,1
4119012.0,1
9007064.0,2
9008181.0,1
9003527.0,1
9009936.0,1
4113584.0,1
4117857.0,1
4108237.0,1
4102169.0,1
4105325.0,1
4100437.0,1
4108294.0,1
4135058.0,1
4135579.0,1
4103706.0,1
4118115.0,1
9011031.0,1
4101470.0,1
11429.0,1
4105273.0,1
10725.0,1
4101916.0,1
2718.0,1
9902.0,1
4110258.0,1
4100490.0,1
9000198.0,1
4100353.0,1
4105880.0,1
1283.0,1
72029.0,1
8000242.0,1
4116139.0,1
2711.0,1
4178340.0,1
4160002.0,1
4115931.0,1
4195034.0,2
4118531.0,1
4106999.0,1
4130371.0,1
4197538.0,1
4123162.0,1
4179259.0,1
4117384.0,1
4130334.0,1
74705.0,1
4116269.0,2
9002257.0,1
5050083.0,1
9005267.0,2
4114200.0,1
8003074.0,1
4174231.0,1
4109805.0,1
4170028.0,1
4117434.0,1
9033246.0,2
1262.0,1
8002179.0,1
8002243.0,1
4101336.0,1
4103649.0,1
4151538.0,1
4176704.0,1
4110415.0,1
4107093.0,1
4116559.0,1
4103497.0,1
4119863.0,1
4103816.0,1
9033838.0,1
12918.0,1
74612.0,1
9000913.0,1
75414.0,1
4103536.0,1
9006333.0,1
4176286.0,1
9034586.0,1
4150469.0,1
4103637.0,1
4119429.0,2
4150555.0,1
4110065.0,1
4176581.0,1
4179194.0,1
4135081.0,1
4100485.0,1
4116230.0,1
4107049.0,1
8501460.0,1
4101119.0,1
9150110.0,2
9001897.0,1
8001435.0,1
4107815.0,1
1278.0,1
9113793.0,1
4103413.0,1
4119179.0,1
8001606.0,1
4130082.0,1
9008941.0,1
4151513.0,1
4100570.0,1
4103841.0,1
4116515.0,1
4112139.0,1
4113782.0,1
4106936.0,1
4122363.0,1
4111694.0,1
4122482.0,1
4196125.0,1
4118264.0,1
4119274.0,2
8601326.0,1
4130358.0,2
10610.0,1
4100625.0,2
9012715.0,1
9009205.0,1
4107531.0,1
1274.0,1
4111952.0,1
4117911.0,1
8909.0,1
4116523.0,1
9012897.0,1
4196853.0,1
4170335.0,1
4195969.0,1
4106960.0,3
9013586.0,1
4170623.0,1
9007657.0,1
4108286.0,1
4119452.0,1
4176334.0,2
4115120.0,1
4170367.0,1
4123490.0,1
4123616.0,1
9010960.0,1
4179526.0,1
4115010.0,1
3206.0,1
4116452.0,1
4102815.0,1
4123811.0,1
4105338.0,2
2802694.0,1
4113955.0,1
4131062.0,1
4170363.0,1
9006585.0,1
4170637.0,2
4105602.0,1
4101455.0,1
4118579.0,1
7101935.0,1
2802239.0,1
4179178.0,1
4199815.0,1
4150214.0,1
4101508.0,1
4103754.0,1
8002080.0,1
4111782.0,1
4103164.0,1
9008220.0,1
4100589.0,2
4179010.0,1
4118675.0,1
9011204.0,1
4117092.0,1
4117266.0,1
4199726.0,1
2801642.0,1
4113604.0,1
4106768.0,1
4117802.0,1
4117419.0,1
4107637.0,2
4151512.0,1
7101836.0,1
9001558.0,1
4176891.0,1
4110471.0,1
2618.0,1
4199899.0,1
8002830.0,1
4150242.0,1
4176226.0,1
4116615.0,1
8502135.0,1
4115781.0,1
4103433.0,1
8501722.0,1
4100292.0,1
4101791.0,1
4150174.0,1
4105224.0,1
2803232.0,1
7101711.0,1
4102905.0,1
4112234.0,1
4118355.0,1
4106935.0,1
4102900.0,1
4171379.0,1
4114844.0,2
4176481.0,1
71877.0,1
4115254.0,1
7100634.0,1
9122201.0,1
4118334.0,1
2801820.0,1
9049.0,1
9008402.0,1
76905.0,2
4115511.0,1
4115521.0,1
4113769.0,1
1904.0,1
1817.0,1
4102347.0,1
4199448.0,1
4119038.0,1
4136063.0,1
8001787.0,1
9011666.0,1
4102850.0,1
9002259.0,1
4109775.0,1
9010371.0,1
4103365.0,1
9009193.0,1
1810.0,1
9207109.0,1
4110149.0,1
4111800.0,1
9590.0,1
4197727.0,1
4122018.0,1
4100543.0,1
9008497.0,1
4122255.0,1
4130051.0,1
4110153.0,1
4113310.0,1
4101187.0,1
9002385.0,1
4178851.0,1
4117217.0,1
9009481.0,1
9001964.0,1
9010647.0,1
4116489.0,1
4178346.0,1
4103430.0,1
4103716.0,1
4195439.0,1
72410.0,1
9668.0,1
4110088.0,1
9000058.0,1
4110227.0,1
75433.0,1
4101706.0,1
9034542.0,1
9011704.0,1
4103906.0,1
2802119.0,1
4160244.0,1
72096.0,1
8002105.0,1
2801278.0,1
4105775.0,1
9178960.0,1
4176980.0,1
9446.0,1
16179.0,1
4104671.0,1
1958.0,1
7103055.0,1
4103733.0,1
9004921.0,1
4170244.0,1
4121928.0,1
71275.0,1
4117559.0,1
9036309.0,1
10111.0,1
4110434.0,1
4179004.0,1
4107642.0,1
4109839.0,1
4111696.0,1
4112128.0,1
8501934.0,1
4117633.0,1
75863.0,1
75690.0,1
4116630.0,1
4199607.0,1
4130395.0,2
4150246.0,1
4117390.0,1
9034543.0,1
4117246.0,1
4119561.0,1
4178350.0,2
4111954.0,1
4107636.0,1
9002133.0,1
9036586.0,1
4105347.0,1
4114332.0,1
4150496.0,1
4107129.0,1
4178793.0,1
4151643.0,1
76494.0,1
4136458.0,1
4122162.0,1
4100406.0,1
4106794.0,1
4100575.0,1
4110179.0,1
4110150.0,1
4135075.0,1
2803088.0,1
1811.0,1
4121940.0,1
8501174.0,1
4176170.0,1
4110121.0,1
8501760.0,1
8364.0,1
9008787.0,1
4100733.0,1
4111693.0,1
4176693.0,1
4118380.0,1
4170010.0,1
4102032.0,1
4176081.0,1
